"country_rast","group","country_mean","n_pairs","variable"
4,"Control",2140.94697019954,30134,"built"
7,"Control",13.1863501573427,66096,"built"
11,"Control",656.081233718331,52589,"built"
14,"Control",118.539322760484,1038508,"built"
15,"Control",8342.36647173484,6156,"built"
16,"Control",3295.47627118641,590,"built"
19,"Control",6548.39335180055,361,"built"
21,"Control",3176.34966887417,3775,"built"
24,"Control",9828.64102564102,39,"built"
27,"Control",624.770030606709,23851,"built"
29,"Control",3217.98965071151,773,"built"
32,"Control",216.389408001237,1265521,"built"
36,"Control",5798.94658014493,32516,"built"
41,"Control",3332.14316483028,23679,"built"
42,"Control",50.7180289073332,404811,"built"
45,"Control",216.123741173741,8639,"built"
46,"Control",28.1041276500102,26698,"built"
47,"Control",329.874476987448,239,"built"
50,"Control",1879.01772300471,59640,"built"
54,"Control",7194.11089303232,1019,"built"
55,"Control",5161.50547934066,12319,"built"
60,"Control",491.272115062435,110479,"built"
62,"Control",474.556650246306,203,"built"
65,"Control",704.818590312806,19139,"built"
67,"Control",9031.39740820731,926,"built"
69,"Control",100,1,"built"
70,"Control",2814.09621877112,2962,"built"
71,"Control",1521.36794618987,74038,"built"
75,"Control",826.547124872488,8817,"built"
76,"Control",12131.3311938982,63724,"built"
80,"Control",130.52212476838,40475,"built"
81,"Control",68.2916666666667,24,"built"
91,"Control",2587.58505367465,2422,"built"
93,"Control",1399.96012502931,34232,"built"
95,"Control",12.6485697169373,13354,"built"
98,"Control",2152.16481774964,2524,"built"
100,"Control",1231.21721854304,755,"built"
102,"Control",298.526697075416,3727,"built"
103,"Control",412.475893241559,18584,"built"
104,"Control",2422.31305958633,6478,"built"
105,"Control",4926.9306930693,2828,"built"
108,"Control",8522.71701678372,26991,"built"
110,"Control",13119.383492417,28496,"built"
112,"Control",406.077918343886,3478,"built"
113,"Control",440.089390518694,208210,"built"
114,"Control",1245.77940769441,10839,"built"
118,"Control",301.69875615448,15436,"built"
119,"Control",2623.93286573146,1996,"built"
120,"Control",16680.2173913044,460,"built"
122,"Control",254.213691026828,1081,"built"
123,"Control",0.42281879194631,149,"built"
125,"Control",3863.31457127827,1901,"built"
127,"Control",810.978977904966,50328,"built"
128,"Control",4836.0514874142,874,"built"
129,"Control",498.60175054703,25592,"built"
131,"Control",1472.55885843437,53085,"built"
138,"Control",2365.55717453692,124015,"built"
142,"Control",25.3884367310701,68683,"built"
145,"Control",316.497630331737,4853,"built"
146,"Control",1076.94034767422,50392,"built"
147,"Control",24.7654616257327,32613,"built"
148,"Control",3483.46979744553,205231,"built"
150,"Control",4200.1433773326,6591,"built"
155,"Control",413.714897167848,157003,"built"
159,"Control",602.444444444444,9,"built"
160,"Control",4475.09216589862,217,"built"
162,"Control",250.75967447265,6021,"built"
164,"Control",840.432220708458,2936,"built"
167,"Control",344.556203931207,3256,"built"
169,"Control",1141.68559928451,6708,"built"
170,"Control",95.0277437610968,144537,"built"
171,"Control",1184.11421238371,15585,"built"
173,"Control",10160.6269590324,29096,"built"
174,"Control",4894.79128792358,8471,"built"
177,"Control",346.393494151075,94807,"built"
179,"Control",5856.84895817706,33355,"built"
180,"Control",275.961197431724,361574,"built"
181,"Control",21881.3177570093,107,"built"
192,"Control",1375.92627482342,145432,"built"
193,"Control",304.744821872408,1207,"built"
194,"Control",5744.05415162456,831,"built"
203,"Control",1580.45673412402,25794,"built"
205,"Control",18305.4594835262,8984,"built"
206,"Control",64.8539186183401,15286,"built"
207,"Control",3759.40938505432,55322,"built"
209,"Control",2.07894736842106,152,"built"
212,"Control",3727,36,"built"
213,"Control",1395.30043837285,9809,"built"
214,"Control",17331.4534313726,408,"built"
216,"Control",8007.17475728155,103,"built"
217,"Control",2048.01515151515,66,"built"
218,"Control",2536.76223040551,36119,"built"
221,"Control",2663.46180555555,288,"built"
225,"Control",2549.42381530976,4115,"built"
226,"Control",123,70,"built"
230,"Control",1999.71146076975,4703,"built"
231,"Control",5514.35190615842,2728,"built"
232,"Control",1402.01185253586,12993,"built"
233,"Control",7694.21977547462,6948,"built"
234,"Control",1234.46663351811,48267,"built"
236,"Control",169.843965517242,1160,"built"
237,"Control",745.926119053174,17068,"built"
240,"Control",271.900346020762,1445,"built"
241,"Control",1844.25302794105,16678,"built"
245,"Control",88.3997113997115,693,"built"
246,"Control",734.796347879961,6462,"built"
247,"Control",2071.373553095,39740,"built"
4,"Protected",2000.39755757628,30134,"built"
7,"Protected",62.1647149600347,66096,"built"
11,"Protected",949.666888512893,52589,"built"
14,"Protected",24.7352153279201,1038508,"built"
15,"Protected",6138.40708252129,6156,"built"
16,"Protected",1265.5220338983,590,"built"
19,"Protected",3715.61772853186,361,"built"
21,"Protected",481.783841059601,3775,"built"
24,"Protected",951.717948717948,39,"built"
27,"Protected",1902.51067041199,23851,"built"
29,"Protected",3280.35316946961,773,"built"
32,"Protected",150.452860125751,1265521,"built"
36,"Protected",4249.27048222434,32516,"built"
41,"Protected",904.649436209254,23679,"built"
42,"Protected",11.3571864400722,404811,"built"
45,"Protected",71.0338002083562,8639,"built"
46,"Protected",13.2804329912341,26698,"built"
47,"Protected",35.8702928870293,239,"built"
50,"Protected",381.837173038284,59640,"built"
54,"Protected",5062.58979391571,1019,"built"
55,"Protected",3383.04075006081,12319,"built"
60,"Protected",721.013513880454,110479,"built"
62,"Protected",34.4137931034483,203,"built"
65,"Protected",119.485709807203,19139,"built"
67,"Protected",10151.0637149028,926,"built"
69,"Protected",0,1,"built"
70,"Protected",670.845374746789,2962,"built"
71,"Protected",1519.00225559853,74038,"built"
75,"Protected",172.383577180449,8817,"built"
76,"Protected",8337.2897966235,63724,"built"
80,"Protected",141.025991352646,40475,"built"
81,"Protected",235.458333333333,24,"built"
91,"Protected",1033.86085879439,2422,"built"
93,"Protected",2041.07799719565,34232,"built"
95,"Protected",0.703834057211372,13354,"built"
98,"Protected",2414.95483359749,2524,"built"
100,"Protected",4.79470198675498,755,"built"
102,"Protected",24.5342098202306,3727,"built"
103,"Protected",299.438603099445,18584,"built"
104,"Protected",387.138468663156,6478,"built"
105,"Protected",1972.93281471002,2828,"built"
108,"Protected",4688.2857989696,26991,"built"
110,"Protected",11672.6759896122,28496,"built"
112,"Protected",94.5020126509495,3478,"built"
113,"Protected",327.409005330791,208210,"built"
114,"Protected",427.232678291343,10839,"built"
118,"Protected",183.545802021236,15436,"built"
119,"Protected",1181.64028056111,1996,"built"
120,"Protected",12544.902173913,460,"built"
122,"Protected",68.7613320999071,1081,"built"
123,"Protected",26.0604026845638,149,"built"
125,"Protected",1461.47711730669,1901,"built"
127,"Protected",669.854911778919,50328,"built"
128,"Protected",2128.39931350115,874,"built"
129,"Protected",156.882736792737,25592,"built"
131,"Protected",1280.75650372041,53085,"built"
138,"Protected",1981.83999516273,124015,"built"
142,"Protected",3.92510519342382,68683,"built"
145,"Protected",141.833917164636,4853,"built"
146,"Protected",663.06683600574,50392,"built"
147,"Protected",72.1760034342055,32613,"built"
148,"Protected",125.120756610898,205231,"built"
150,"Protected",5371.87680169919,6591,"built"
155,"Protected",432.280758966301,157003,"built"
159,"Protected",36.3333333333333,9,"built"
160,"Protected",991.193548387097,217,"built"
162,"Protected",42.2242152466381,6021,"built"
164,"Protected",805.415190735716,2936,"built"
167,"Protected",221.178439803439,3256,"built"
169,"Protected",718.39997018482,6708,"built"
170,"Protected",24.739118703164,144537,"built"
171,"Protected",1233.21950593527,15585,"built"
173,"Protected",6636.80543717437,29096,"built"
174,"Protected",4404.33455318143,8471,"built"
177,"Protected",285.094033141165,94807,"built"
179,"Protected",2542.83498725823,33355,"built"
180,"Protected",175.932511740859,361574,"built"
181,"Protected",8506.42056074766,107,"built"
192,"Protected",328.632666812651,145432,"built"
193,"Protected",135.904722452361,1207,"built"
194,"Protected",2713.00240673887,831,"built"
203,"Protected",932.869116848944,25794,"built"
205,"Protected",15346.7774933219,8984,"built"
206,"Protected",247.832199398108,15286,"built"
207,"Protected",1393.32515093449,55322,"built"
209,"Protected",9.73684210526316,152,"built"
212,"Protected",1704.30555555556,36,"built"
213,"Protected",513.985625445985,9809,"built"
214,"Protected",7185.9093137255,408,"built"
216,"Protected",2065.92233009709,103,"built"
217,"Protected",20.7575757575758,66,"built"
218,"Protected",554.947008499636,36119,"built"
221,"Protected",522.538194444445,288,"built"
225,"Protected",626.904981773979,4115,"built"
226,"Protected",323.728571428571,70,"built"
230,"Protected",840.320221135468,4703,"built"
231,"Protected",2948.03409090906,2728,"built"
232,"Protected",395.931347648732,12993,"built"
233,"Protected",5322.74582613735,6948,"built"
234,"Protected",556.069219135015,48267,"built"
236,"Protected",180.533620689656,1160,"built"
237,"Protected",29.7379306304247,17068,"built"
240,"Protected",177.37785467128,1445,"built"
241,"Protected",960.605288403871,16678,"built"
245,"Protected",321.069264069268,693,"built"
246,"Protected",1002.74744661089,6462,"built"
247,"Protected",2081.19896829382,39740,"built"
4,"Control",9.91507931240364,30134,"cropland"
7,"Control",0.174125514403238,66096,"cropland"
11,"Control",7.3666165928206,52589,"cropland"
14,"Control",1.80298755519157,1038508,"cropland"
15,"Control",10.1411630929172,6156,"cropland"
16,"Control",12.4966101694915,590,"cropland"
19,"Control",11.207756232687,361,"cropland"
21,"Control",21.7947019867549,3775,"cropland"
24,"Control",61,39,"cropland"
27,"Control",1.30002934887432,23851,"cropland"
29,"Control",3.23415265200519,773,"cropland"
32,"Control",0.719396201244958,1265521,"cropland"
36,"Control",31.8644667240752,32516,"cropland"
41,"Control",1.60116558976302,23679,"cropland"
42,"Control",1.11011589846007,404492,"cropland"
45,"Control",4.05857159393469,8639,"cropland"
46,"Control",0.0201887781856341,26698,"cropland"
47,"Control",8.23430962343096,239,"cropland"
50,"Control",0.407763246143579,59640,"cropland"
54,"Control",0.974484789008828,1019,"cropland"
55,"Control",12.2173877749823,12319,"cropland"
60,"Control",0.477122349043648,110479,"cropland"
62,"Control",0,203,"cropland"
65,"Control",0.0993259835937103,19139,"cropland"
67,"Control",3.6987041036717,926,"cropland"
69,"Control",2,1,"cropland"
70,"Control",18.0864280891288,2962,"cropland"
71,"Control",12.0815527161754,74038,"cropland"
75,"Control",3.03856186911673,8817,"cropland"
76,"Control",25.1532075826906,63724,"cropland"
80,"Control",0.0033353922174177,40475,"cropland"
81,"Control",0.708333333333333,24,"cropland"
91,"Control",0.332782824112298,2422,"cropland"
93,"Control",3.18421360130871,34232,"cropland"
95,"Control",0.00644001797214353,13354,"cropland"
98,"Control",0.0178288431061806,2524,"cropland"
100,"Control",0.324503311258278,755,"cropland"
102,"Control",4.589482157231,3727,"cropland"
103,"Control",1.18596642272927,18584,"cropland"
104,"Control",17.1681074405683,6478,"cropland"
105,"Control",3.29490806223479,2828,"cropland"
108,"Control",16.7373568967423,26991,"cropland"
110,"Control",3.60148792813035,28496,"cropland"
112,"Control",0.211615871190341,3478,"cropland"
113,"Control",4.17969838144215,208210,"cropland"
114,"Control",3.46775532798233,10839,"cropland"
118,"Control",3.49760300596005,15436,"cropland"
119,"Control",14.939378757515,1996,"cropland"
120,"Control",10.6586956521739,460,"cropland"
122,"Control",0,1081,"cropland"
123,"Control",0,149,"cropland"
125,"Control",42.9147816938454,1901,"cropland"
127,"Control",3.09672548084567,50328,"cropland"
128,"Control",24.1979405034325,874,"cropland"
129,"Control",0.0298530790872131,25592,"cropland"
131,"Control",6.37747009513039,53085,"cropland"
138,"Control",3.61374833689569,124015,"cropland"
142,"Control",0.335148435566355,68683,"cropland"
145,"Control",4.2656089017102,4853,"cropland"
146,"Control",2.51579615812027,50392,"cropland"
147,"Control",0.743292552049836,32613,"cropland"
148,"Control",0.649999269116619,205231,"cropland"
150,"Control",7.83993324230017,6591,"cropland"
155,"Control",1.73601141379405,157003,"cropland"
159,"Control",4.77777777777778,9,"cropland"
160,"Control",4.04608294930876,217,"cropland"
162,"Control",0.360850636302736,5972,"cropland"
164,"Control",1.21151226158037,2936,"cropland"
167,"Control",0.183046683046686,3256,"cropland"
169,"Control",4.46705426356562,6708,"cropland"
170,"Control",0.0750880397406375,144537,"cropland"
171,"Control",2.42059672762267,15585,"cropland"
173,"Control",46.1972436073682,29096,"cropland"
174,"Control",5.13375044268695,8471,"cropland"
177,"Control",0.187591633529292,94807,"cropland"
179,"Control",25.747324239243,33355,"cropland"
180,"Control",2.45580413377147,281825,"cropland"
181,"Control",58.0934579439252,107,"cropland"
192,"Control",1.4162288904787,145432,"cropland"
193,"Control",0.485501242750621,1207,"cropland"
194,"Control",23.8941034897713,831,"cropland"
203,"Control",2.41870202372661,25794,"cropland"
205,"Control",7.73130008904721,8984,"cropland"
206,"Control",0.0363731519037064,15286,"cropland"
207,"Control",18.9254546111846,55322,"cropland"
209,"Control",0,152,"cropland"
212,"Control",5.80555555555556,36,"cropland"
213,"Control",5.22010398613495,9809,"cropland"
214,"Control",6.546568627451,408,"cropland"
216,"Control",0.70873786407767,103,"cropland"
217,"Control",3.96969696969697,66,"cropland"
218,"Control",13.0790719565896,36119,"cropland"
221,"Control",23.1284722222222,288,"cropland"
225,"Control",3.20656136087489,4115,"cropland"
226,"Control",23.4428571428571,70,"cropland"
230,"Control",8.2081650010631,4703,"cropland"
231,"Control",42.6689882697945,2728,"cropland"
232,"Control",0.0357885015008101,12993,"cropland"
233,"Control",13.1858088658613,6948,"cropland"
234,"Control",5.86819151801383,48267,"cropland"
236,"Control",4.61120689655173,1160,"cropland"
237,"Control",1.67424419967172,17068,"cropland"
240,"Control",0.00830449826989638,1445,"cropland"
241,"Control",4.30669144981373,16678,"cropland"
245,"Control",3.32467532467533,693,"cropland"
246,"Control",2.46734757041181,6462,"cropland"
247,"Control",13.8504026170097,39740,"cropland"
4,"Protected",5.53593947036584,30134,"cropland"
7,"Protected",0.135620915032715,66096,"cropland"
11,"Protected",5.74994770769743,52589,"cropland"
14,"Protected",0.199855947186256,1038508,"cropland"
15,"Protected",7.44314489928529,6156,"cropland"
16,"Protected",2.28305084745764,590,"cropland"
19,"Protected",8.30193905817175,361,"cropland"
21,"Protected",4.13854304635761,3775,"cropland"
24,"Protected",20.9487179487179,39,"cropland"
27,"Protected",0.466227831118265,23851,"cropland"
29,"Protected",2.6196636481242,773,"cropland"
32,"Protected",0.416253859091058,1265521,"cropland"
36,"Protected",26.8070488374928,32516,"cropland"
41,"Protected",0.230879682418986,23679,"cropland"
42,"Protected",0.178240855196819,404492,"cropland"
45,"Protected",0.695219354091889,8639,"cropland"
46,"Protected",0.00550603041426223,26698,"cropland"
47,"Protected",2.71548117154812,239,"cropland"
50,"Protected",0.23527833668675,59640,"cropland"
54,"Protected",1.18940137389598,1019,"cropland"
55,"Protected",9.33395567822113,12319,"cropland"
60,"Protected",0.648476180993691,110479,"cropland"
62,"Protected",0,203,"cropland"
65,"Protected",0.0142640681331324,19139,"cropland"
67,"Protected",8.1295896328294,926,"cropland"
69,"Protected",0,1,"cropland"
70,"Protected",3.70020256583387,2962,"cropland"
71,"Protected",13.4094654096601,74038,"cropland"
75,"Protected",1.00238176250428,8817,"cropland"
76,"Protected",18.1895675098847,63724,"cropland"
80,"Protected",0,40475,"cropland"
81,"Protected",0.791666666666667,24,"cropland"
91,"Protected",0.0937241948802628,2422,"cropland"
93,"Protected",2.88811638233261,34232,"cropland"
95,"Protected",0,13354,"cropland"
98,"Protected",0.0725039619651342,2524,"cropland"
100,"Protected",0.014569536423841,755,"cropland"
102,"Protected",0.133887845452109,3727,"cropland"
103,"Protected",0.77566724063717,18584,"cropland"
104,"Protected",4.55047854276006,6478,"cropland"
105,"Protected",0.641442715700146,2828,"cropland"
108,"Protected",13.7391352673092,26991,"cropland"
110,"Protected",2.5040005614823,28496,"cropland"
112,"Protected",0.535077630822309,3478,"cropland"
113,"Protected",1.3168723884564,208210,"cropland"
114,"Protected",1.16662053694992,10839,"cropland"
118,"Protected",1.93392070484565,15436,"cropland"
119,"Protected",5.18286573146293,1996,"cropland"
120,"Protected",15.0891304347826,460,"cropland"
122,"Protected",0,1081,"cropland"
123,"Protected",0,149,"cropland"
125,"Protected",20.1462388216728,1901,"cropland"
127,"Protected",4.34601017326329,50328,"cropland"
128,"Protected",26.263157894737,874,"cropland"
129,"Protected",0.0143013441700539,25592,"cropland"
131,"Protected",3.93327682019304,53085,"cropland"
138,"Protected",1.69902027980518,124015,"cropland"
142,"Protected",0.00956568583201158,68683,"cropland"
145,"Protected",5.16855553266012,4853,"cropland"
146,"Protected",1.34640419114158,50392,"cropland"
147,"Protected",0.695642841811833,32613,"cropland"
148,"Protected",0.277979447548973,205231,"cropland"
150,"Protected",6.688362919132,6591,"cropland"
155,"Protected",2.31123609103471,157003,"cropland"
159,"Protected",0.111111111111111,9,"cropland"
160,"Protected",1.12442396313364,217,"cropland"
162,"Protected",0.129437374413921,5972,"cropland"
164,"Protected",0.34536784741144,2936,"cropland"
167,"Protected",0.0122850122850121,3256,"cropland"
169,"Protected",1.8762671437091,6708,"cropland"
170,"Protected",0.0520973868282464,144537,"cropland"
171,"Protected",1.51299326275263,15585,"cropland"
173,"Protected",20.9545298322788,29096,"cropland"
174,"Protected",4.19985834021958,8471,"cropland"
177,"Protected",0.0993070131951523,94807,"cropland"
179,"Protected",15.5833907959826,33355,"cropland"
180,"Protected",1.36526567905841,281825,"cropland"
181,"Protected",39.7196261682243,107,"cropland"
192,"Protected",0.02467132405524,145432,"cropland"
193,"Protected",0.642916321458162,1207,"cropland"
194,"Protected",14.6077015643802,831,"cropland"
203,"Protected",1.49972861905879,25794,"cropland"
205,"Protected",4.52482190560985,8984,"cropland"
206,"Protected",0.0573073400497193,15286,"cropland"
207,"Protected",12.1455298073089,55322,"cropland"
209,"Protected",0,152,"cropland"
212,"Protected",3.94444444444445,36,"cropland"
213,"Protected",0.768477928432987,9809,"cropland"
214,"Protected",4.82107843137255,408,"cropland"
216,"Protected",0.58252427184466,103,"cropland"
217,"Protected",0.424242424242424,66,"cropland"
218,"Protected",4.21614662642898,36119,"cropland"
221,"Protected",16.5694444444444,288,"cropland"
225,"Protected",1.31640340218718,4115,"cropland"
226,"Protected",12.7285714285714,70,"cropland"
230,"Protected",3.37061450138211,4703,"cropland"
231,"Protected",28.3739002932552,2728,"cropland"
232,"Protected",0.0410220888170622,12993,"cropland"
233,"Protected",9.99409902130156,6948,"cropland"
234,"Protected",3.29046760726849,48267,"cropland"
236,"Protected",4.15172413793102,1160,"cropland"
237,"Protected",0.324935551910036,17068,"cropland"
240,"Protected",0.0138408304498273,1445,"cropland"
241,"Protected",2.0843626334091,16678,"cropland"
245,"Protected",6.1327561327561,693,"cropland"
246,"Protected",3.2788610337357,6462,"cropland"
247,"Protected",10.8281580271773,39740,"cropland"
7,"Control",0,66096,"planted"
15,"Control",58.3008447043534,6156,"planted"
19,"Control",0,361,"planted"
21,"Control",0.450331125827824,3775,"planted"
24,"Control",0,39,"planted"
27,"Control",0,23851,"planted"
29,"Control",2.58732212160413,773,"planted"
32,"Control",0.279963746157184,1265521,"planted"
36,"Control",4.40091032107284,32516,"planted"
41,"Control",0.0168926052620453,23679,"planted"
50,"Control",0.571763916834421,59640,"planted"
54,"Control",0.78508341511285,1019,"planted"
55,"Control",3.43372026950241,12319,"planted"
60,"Control",0.0543089636944741,110479,"planted"
62,"Control",0,203,"planted"
67,"Control",0,926,"planted"
69,"Control",0,1,"planted"
70,"Control",0,2962,"planted"
71,"Control",0,74038,"planted"
76,"Control",37.1414223840245,63724,"planted"
80,"Control",0.00494132180358079,40475,"planted"
81,"Control",0,24,"planted"
91,"Control",1.27993393889349,2422,"planted"
93,"Control",0,34232,"planted"
95,"Control",0,13354,"planted"
98,"Control",4.31854199683046,2524,"planted"
102,"Control",0,3727,"planted"
105,"Control",35.3606789250354,2828,"planted"
108,"Control",9.94035048719924,26991,"planted"
114,"Control",0,10839,"planted"
118,"Control",0,15436,"planted"
119,"Control",0,1996,"planted"
120,"Control",0,460,"planted"
122,"Control",0.185013876040703,1081,"planted"
125,"Control",0,1901,"planted"
128,"Control",0,874,"planted"
129,"Control",10.5892466395752,25592,"planted"
138,"Control",0.648308672337805,124015,"planted"
147,"Control",0.545794621776564,32613,"planted"
148,"Control",0,205231,"planted"
150,"Control",0,6591,"planted"
159,"Control",0,9,"planted"
160,"Control",0,217,"planted"
164,"Control",0,2936,"planted"
167,"Control",0,3256,"planted"
169,"Control",0,6708,"planted"
170,"Control",0.0172966091727533,144537,"planted"
171,"Control",13.3205004812314,15585,"planted"
173,"Control",0.0927962606543884,29096,"planted"
177,"Control",0.00105477443648582,94807,"planted"
179,"Control",7.04841852795703,33355,"planted"
181,"Control",14.0186915887851,107,"planted"
193,"Control",0,1207,"planted"
194,"Control",2.88808664259927,831,"planted"
203,"Control",1.6864387066759,25794,"planted"
205,"Control",16.1731967943011,8984,"planted"
206,"Control",0,15286,"planted"
212,"Control",0,36,"planted"
213,"Control",0,9809,"planted"
214,"Control",0,408,"planted"
216,"Control",11.6504854368932,103,"planted"
217,"Control",0,66,"planted"
221,"Control",0,288,"planted"
225,"Control",0,4115,"planted"
226,"Control",0,70,"planted"
230,"Control",0,4703,"planted"
231,"Control",0.146627565982403,2728,"planted"
233,"Control",25.4461715601599,6948,"planted"
234,"Control",2.9027076640664,43580,"planted"
236,"Control",8.2758620689655,1160,"planted"
240,"Control",0,1445,"planted"
241,"Control",6.08586161410245,16678,"planted"
246,"Control",0,6462,"planted"
247,"Control",0,39740,"planted"
7,"Protected",0,66096,"planted"
15,"Protected",55.9779077322941,6156,"planted"
19,"Protected",0,361,"planted"
21,"Protected",0.688741721854315,3775,"planted"
24,"Protected",0,39,"planted"
27,"Protected",0,23851,"planted"
29,"Protected",0.646830530401033,773,"planted"
32,"Protected",0.0723812564159839,1265521,"planted"
36,"Protected",7.85767007011999,32516,"planted"
41,"Protected",0.00422315131551098,23679,"planted"
50,"Protected",0.129107981220616,59640,"planted"
54,"Protected",0.294406280667324,1019,"planted"
55,"Protected",4.30229726438827,12319,"planted"
60,"Protected",0.010861792738909,110479,"planted"
62,"Protected",0,203,"planted"
67,"Protected",0,926,"planted"
69,"Protected",0,1,"planted"
70,"Protected",0,2962,"planted"
71,"Protected",0,74038,"planted"
76,"Protected",45.8022095285922,63724,"planted"
80,"Protected",0.0667078443483691,40475,"planted"
81,"Protected",0,24,"planted"
91,"Protected",1.48637489677955,2422,"planted"
93,"Protected",0,34232,"planted"
95,"Protected",0,13354,"planted"
98,"Protected",2.81299524564182,2524,"planted"
102,"Protected",0,3727,"planted"
105,"Protected",56.1881188118814,2828,"planted"
108,"Protected",10.4516320254892,26991,"planted"
114,"Protected",0.0184518867054152,10839,"planted"
118,"Protected",0,15436,"planted"
119,"Protected",0,1996,"planted"
120,"Protected",0,460,"planted"
122,"Protected",0,1081,"planted"
125,"Protected",0.0526038926880594,1901,"planted"
128,"Protected",0,874,"planted"
129,"Protected",1.39105970615808,25592,"planted"
138,"Protected",0.537031810667876,124015,"planted"
147,"Protected",0.646981265139761,32613,"planted"
148,"Protected",0,205231,"planted"
150,"Protected",0.0151722045213169,6591,"planted"
159,"Protected",0,9,"planted"
160,"Protected",0,217,"planted"
164,"Protected",0.034059945504087,2936,"planted"
167,"Protected",0,3256,"planted"
169,"Protected",0,6708,"planted"
170,"Protected",0.00069186436691017,144537,"planted"
171,"Protected",6.83991017003501,15585,"planted"
173,"Protected",0.0274951883420492,29096,"planted"
177,"Protected",0.00527387218243392,94807,"planted"
179,"Protected",11.689401888773,33355,"planted"
181,"Protected",0.934579439252338,107,"planted"
193,"Protected",0,1207,"planted"
194,"Protected",7.94223826714798,831,"planted"
203,"Protected",0.73660541211139,25794,"planted"
205,"Protected",11.787622439893,8984,"planted"
206,"Protected",0,15286,"planted"
212,"Protected",0,36,"planted"
213,"Protected",0,9809,"planted"
214,"Protected",0,408,"planted"
216,"Protected",16.504854368932,103,"planted"
217,"Protected",0,66,"planted"
221,"Protected",0,288,"planted"
225,"Protected",0,4115,"planted"
226,"Protected",0,70,"planted"
230,"Protected",0,4703,"planted"
231,"Protected",0.219941348973608,2728,"planted"
233,"Protected",25.8203799654571,6948,"planted"
234,"Protected",0.998164295548627,43580,"planted"
236,"Protected",6.98275862068959,1160,"planted"
240,"Protected",0,1445,"planted"
241,"Protected",2.89603069912444,16678,"planted"
246,"Protected",0,6462,"planted"
247,"Protected",0,39740,"planted"
4,"Control",171.862714885436,29871,"pasture"
7,"Control",137.966924374352,66096,"pasture"
11,"Control",1410.8885831957,51725,"pasture"
14,"Control",153.520880089174,1023065,"pasture"
15,"Control",1212.43068380647,6156,"pasture"
16,"Control",1535.62440025421,587,"pasture"
19,"Control",5615.8581913743,321,"pasture"
21,"Control",893.371115692343,3775,"pasture"
24,"Control",4206.89825595954,39,"pasture"
27,"Control",1099.28920063732,23794,"pasture"
29,"Control",493.455615577846,773,"pasture"
32,"Control",730.777561759645,1263644,"pasture"
36,"Control",342.217190348711,32437,"pasture"
41,"Control",1590.26282208914,23677,"pasture"
42,"Control",19.9297243632464,397429,"pasture"
45,"Control",2822.2371073415,8639,"pasture"
46,"Control",87.0201667023705,24049,"pasture"
47,"Control",215.993951158045,239,"pasture"
50,"Control",1905.30019209427,59455,"pasture"
54,"Control",216.939544252625,1014,"pasture"
55,"Control",480.911970821086,11906,"pasture"
60,"Control",17.5303041592273,107765,"pasture"
62,"Control",1266.52062086284,203,"pasture"
65,"Control",1369.48303225762,19137,"pasture"
67,"Control",6213.56761088427,923,"pasture"
69,"Control",2426.10766601562,1,"pasture"
70,"Control",330.667764501698,2343,"pasture"
71,"Control",3052.79669243401,73987,"pasture"
75,"Control",62.1363904010563,8414,"pasture"
76,"Control",1818.24530252306,63470,"pasture"
80,"Control",11.806537538145,40409,"pasture"
81,"Control",1949.25653512137,21,"pasture"
91,"Control",3286.96011600392,2401,"pasture"
93,"Control",2094.60616866984,34232,"pasture"
95,"Control",30.8106483115205,13292,"pasture"
98,"Control",1937.90557574713,2417,"pasture"
100,"Control",50.0925592886607,750,"pasture"
102,"Control",150.930942524424,3627,"pasture"
103,"Control",59.3457881713336,18561,"pasture"
104,"Control",646.763409943153,6420,"pasture"
105,"Control",5914.96928639881,2783,"pasture"
108,"Control",1001.60096272896,26711,"pasture"
110,"Control",644.183523024738,27996,"pasture"
112,"Control",14.4329695840303,3478,"pasture"
113,"Control",133.073067712528,207104,"pasture"
114,"Control",3601.5341449722,10775,"pasture"
118,"Control",500.768513993619,15436,"pasture"
119,"Control",353.471494547527,1995,"pasture"
120,"Control",645.942583714361,460,"pasture"
122,"Control",21.621142816574,1081,"pasture"
123,"Control",0.0005247465694431,149,"pasture"
125,"Control",578.650312402569,1895,"pasture"
127,"Control",1284.76308552738,49541,"pasture"
128,"Control",2040.43077642585,874,"pasture"
129,"Control",190.343989574699,25512,"pasture"
131,"Control",1880.53699065923,53084,"pasture"
138,"Control",1126.55418797437,122911,"pasture"
142,"Control",140.183962612783,68582,"pasture"
145,"Control",453.319997108992,4803,"pasture"
146,"Control",167.787048710074,49878,"pasture"
147,"Control",323.416188495269,32608,"pasture"
148,"Control",357.405869480898,205099,"pasture"
150,"Control",3157.89948131593,6591,"pasture"
155,"Control",421.485810817171,157003,"pasture"
159,"Control",207.133170233832,9,"pasture"
160,"Control",693.32851740402,217,"pasture"
162,"Control",103.843583782436,5955,"pasture"
164,"Control",797.616937336935,2936,"pasture"
167,"Control",1092.512053321,3084,"pasture"
169,"Control",3179.63072792031,6634,"pasture"
170,"Control",109.090292139695,144521,"pasture"
171,"Control",423.349187539142,15000,"pasture"
173,"Control",1092.37494236335,29007,"pasture"
174,"Control",1358.60288646299,8449,"pasture"
177,"Control",22.9709949443442,94802,"pasture"
179,"Control",575.633352127339,33338,"pasture"
180,"Control",42.1627070703936,355378,"pasture"
181,"Control",6304.74939535266,107,"pasture"
192,"Control",24.5375655647351,145432,"pasture"
193,"Control",1315.60230367008,1207,"pasture"
194,"Control",585.93613256645,831,"pasture"
203,"Control",737.742844256336,25761,"pasture"
205,"Control",2354.10566607274,8937,"pasture"
206,"Control",1996.69933904545,15286,"pasture"
207,"Control",663.483809588436,55138,"pasture"
209,"Control",41.7520003569754,152,"pasture"
212,"Control",2532.74533759223,36,"pasture"
213,"Control",121.717036008644,9754,"pasture"
214,"Control",1569.12569249216,398,"pasture"
216,"Control",164.30500369396,103,"pasture"
217,"Control",1486.43529984445,66,"pasture"
218,"Control",1637.20048979211,35902,"pasture"
221,"Control",941.310831334855,288,"pasture"
225,"Control",180.267990470083,4079,"pasture"
226,"Control",993.725231225939,69,"pasture"
230,"Control",5740.28700098248,4681,"pasture"
231,"Control",387.770568056668,2720,"pasture"
232,"Control",44.8704010935191,12985,"pasture"
233,"Control",1928.78839005121,6896,"pasture"
234,"Control",391.466768511948,47833,"pasture"
236,"Control",5264.95070502715,1159,"pasture"
237,"Control",340.392170832781,16964,"pasture"
240,"Control",2178.32156107223,1444,"pasture"
241,"Control",580.84431343499,16409,"pasture"
245,"Control",1880.78144888454,664,"pasture"
246,"Control",272.408937134854,6462,"pasture"
247,"Control",948.70896949187,39684,"pasture"
4,"Protected",148.153555192527,29871,"pasture"
7,"Protected",137.381525857744,66096,"pasture"
11,"Protected",1182.15384258925,51725,"pasture"
14,"Protected",78.7479503608004,1023065,"pasture"
15,"Protected",1142.894330065,6156,"pasture"
16,"Protected",902.371382679203,587,"pasture"
19,"Protected",6265.47470216365,321,"pasture"
21,"Protected",911.290935700271,3775,"pasture"
24,"Protected",3053.25940254407,39,"pasture"
27,"Protected",1146.40961778425,23794,"pasture"
29,"Protected",392.907170659666,773,"pasture"
32,"Protected",353.760423806865,1263644,"pasture"
36,"Protected",317.39054862963,32437,"pasture"
41,"Protected",1536.50437546756,23677,"pasture"
42,"Protected",15.6897125727374,397429,"pasture"
45,"Protected",2351.01909640894,8639,"pasture"
46,"Protected",50.6957423553634,24049,"pasture"
47,"Protected",167.315497619836,239,"pasture"
50,"Protected",1682.12955086903,59455,"pasture"
54,"Protected",246.906454887616,1014,"pasture"
55,"Protected",446.180788388978,11906,"pasture"
60,"Protected",41.4250398068313,107765,"pasture"
62,"Protected",1166.51283722675,203,"pasture"
65,"Protected",582.437488051765,19137,"pasture"
67,"Protected",3990.97138925803,923,"pasture"
69,"Protected",1805.84729003906,1,"pasture"
70,"Protected",216.133493704008,2343,"pasture"
71,"Protected",3631.94302912163,73987,"pasture"
75,"Protected",48.6785462971391,8414,"pasture"
76,"Protected",1549.91822525343,63470,"pasture"
80,"Protected",11.3674237586348,40409,"pasture"
81,"Protected",2443.25181942894,21,"pasture"
91,"Protected",3521.3685900165,2401,"pasture"
93,"Protected",2122.9900309125,34232,"pasture"
95,"Protected",29.8987010597584,13292,"pasture"
98,"Protected",1316.1329078911,2417,"pasture"
100,"Protected",55.5061523386637,750,"pasture"
102,"Protected",63.9809635758972,3627,"pasture"
103,"Protected",38.1148624057016,18561,"pasture"
104,"Protected",649.421076962954,6420,"pasture"
105,"Protected",3658.45937902687,2783,"pasture"
108,"Protected",843.584505500583,26711,"pasture"
110,"Protected",575.423425984957,27996,"pasture"
112,"Protected",12.119114100299,3478,"pasture"
113,"Protected",128.537474454904,207104,"pasture"
114,"Protected",5488.73183198221,10775,"pasture"
118,"Protected",393.45763567734,15436,"pasture"
119,"Protected",197.90176022489,1995,"pasture"
120,"Protected",538.821223565806,460,"pasture"
122,"Protected",44.5484484307311,1081,"pasture"
123,"Protected",0.000220305304025025,149,"pasture"
125,"Protected",443.666211545688,1895,"pasture"
127,"Protected",1079.63971455732,49541,"pasture"
128,"Protected",2634.39488223706,874,"pasture"
129,"Protected",142.703768641415,25512,"pasture"
131,"Protected",2673.80457704741,53084,"pasture"
138,"Protected",1058.76904469852,122911,"pasture"
142,"Protected",99.0710243853382,68582,"pasture"
145,"Protected",452.672911997693,4803,"pasture"
146,"Protected",71.99031117934,49878,"pasture"
147,"Protected",321.45932712656,32608,"pasture"
148,"Protected",263.760959259323,205099,"pasture"
150,"Protected",2681.99524794635,6591,"pasture"
155,"Protected",595.534856085246,157003,"pasture"
159,"Protected",715.111467149523,9,"pasture"
160,"Protected",595.073567684894,217,"pasture"
162,"Protected",80.9499893762821,5955,"pasture"
164,"Protected",591.314178183474,2936,"pasture"
167,"Protected",1096.87686543705,3084,"pasture"
169,"Protected",2622.5678275784,6634,"pasture"
170,"Protected",63.1191857707827,144521,"pasture"
171,"Protected",398.522876672497,15000,"pasture"
173,"Protected",754.640050920764,29007,"pasture"
174,"Protected",1179.77907432356,8449,"pasture"
177,"Protected",21.4891580841021,94802,"pasture"
179,"Protected",495.081417593926,33338,"pasture"
180,"Protected",38.4357729549816,355378,"pasture"
181,"Protected",5635.97595557097,107,"pasture"
192,"Protected",16.4287024069428,145432,"pasture"
193,"Protected",1208.72705765845,1207,"pasture"
194,"Protected",490.643479711025,831,"pasture"
203,"Protected",755.864624188902,25761,"pasture"
205,"Protected",1683.58949863278,8937,"pasture"
206,"Protected",1386.95632348556,15286,"pasture"
207,"Protected",615.625651322057,55138,"pasture"
209,"Protected",28.7294194447367,152,"pasture"
212,"Protected",2574.19056532118,36,"pasture"
213,"Protected",69.7868313538038,9754,"pasture"
214,"Protected",1436.9860667128,398,"pasture"
216,"Protected",141.974332290946,103,"pasture"
217,"Protected",1096.19129510359,66,"pasture"
218,"Protected",1041.58090233421,35902,"pasture"
221,"Protected",950.82742357254,288,"pasture"
225,"Protected",160.979007368402,4079,"pasture"
226,"Protected",881.51465551404,69,"pasture"
230,"Protected",9093.03689992134,4681,"pasture"
231,"Protected",365.159994365186,2720,"pasture"
232,"Protected",34.4192079409052,12985,"pasture"
233,"Protected",1462.98302328174,6896,"pasture"
234,"Protected",295.835356551537,47833,"pasture"
236,"Protected",4838.25793004139,1159,"pasture"
237,"Protected",242.383596158419,16964,"pasture"
240,"Protected",1238.2203844056,1444,"pasture"
241,"Protected",481.690507624429,16409,"pasture"
245,"Protected",2255.6659463802,664,"pasture"
246,"Protected",281.012989662557,6462,"pasture"
247,"Protected",793.127503160251,39684,"pasture"
4,"Control",0,30134,"oil"
11,"Control",0,52589,"oil"
14,"Control",9.62919881218983e-05,1038508,"oil"
27,"Control",0,23851,"oil"
32,"Control",0,1265521,"oil"
42,"Control",0.00247028860381135,404811,"oil"
47,"Control",0,239,"oil"
65,"Control",0,19139,"oil"
91,"Control",0,2422,"oil"
102,"Control",0,3727,"oil"
103,"Control",0,18584,"oil"
104,"Control",0.0154368632293906,6478,"oil"
113,"Control",0,208210,"oil"
123,"Control",0,149,"oil"
138,"Control",0,124015,"oil"
164,"Control",0,2936,"oil"
170,"Control",0,144537,"oil"
173,"Control",0,29096,"oil"
180,"Control",0,361574,"oil"
192,"Control",0,145432,"oil"
232,"Control",0,12993,"oil"
233,"Control",0,6948,"oil"
234,"Control",0.0124308533780896,48267,"oil"
240,"Control",0,1445,"oil"
4,"Protected",0,30134,"oil"
11,"Protected",0,52589,"oil"
14,"Protected",0,1038508,"oil"
27,"Protected",0,23851,"oil"
32,"Protected",0,1265521,"oil"
42,"Protected",0.00247028860380651,404811,"oil"
47,"Protected",0,239,"oil"
65,"Protected",0.00522493338209888,19139,"oil"
91,"Protected",0,2422,"oil"
102,"Protected",0,3727,"oil"
103,"Protected",0,18584,"oil"
104,"Protected",0.0154368632293912,6478,"oil"
113,"Protected",0,208210,"oil"
123,"Protected",0,149,"oil"
138,"Protected",0.000806354070070594,124015,"oil"
164,"Protected",0,2936,"oil"
170,"Protected",0,144537,"oil"
173,"Protected",0.00687379708551098,29096,"oil"
180,"Protected",0,361574,"oil"
192,"Protected",0,145432,"oil"
232,"Protected",0,12993,"oil"
233,"Protected",0,6948,"oil"
234,"Protected",0,48267,"oil"
240,"Protected",0,1445,"oil"
4,"Control",0.0165925532620962,30134,"mining"
7,"Control",0,66096,"mining"
11,"Control",0.0382014745769276,52354,"mining"
14,"Control",0.284061364957166,1038508,"mining"
15,"Control",0,6156,"mining"
16,"Control",0,590,"mining"
19,"Control",0,361,"mining"
21,"Control",0.0264900662251662,3775,"mining"
27,"Control",0,23851,"mining"
29,"Control",0,773,"mining"
32,"Control",0.127536405954363,1265521,"mining"
36,"Control",0.670439168409314,32516,"mining"
42,"Control",0.0763319178578372,404811,"mining"
46,"Control",0.0583970022872219,20549,"mining"
47,"Control",0,239,"mining"
50,"Control",0.0368879946344615,59640,"mining"
54,"Control",0,1019,"mining"
55,"Control",0.0730578780745236,12319,"mining"
60,"Control",0,110479,"mining"
65,"Control",0,19139,"mining"
69,"Control",0,1,"mining"
70,"Control",5.8068872383526,2962,"mining"
71,"Control",0,74038,"mining"
75,"Control",0.0907338096858309,8817,"mining"
76,"Control",0.0690477685016515,63724,"mining"
80,"Control",0.00494132180358185,40475,"mining"
91,"Control",0,2422,"mining"
93,"Control",0.0116849731245616,34232,"mining"
95,"Control",0.0299535719634538,13354,"mining"
98,"Control",0,2524,"mining"
102,"Control",0,3727,"mining"
103,"Control",0.0538097287989668,18584,"mining"
104,"Control",0,6478,"mining"
105,"Control",0,2828,"mining"
108,"Control",0.03704938683266,26991,"mining"
110,"Control",0.119314991577764,28496,"mining"
112,"Control",1.66762507188036,3478,"mining"
113,"Control",0.170020652226495,208210,"mining"
114,"Control",0,10839,"mining"
118,"Control",0.0129567245400365,15436,"mining"
120,"Control",0,460,"mining"
122,"Control",0.462534690101766,1081,"mining"
127,"Control",0,50328,"mining"
128,"Control",0,874,"mining"
129,"Control",0.0312597686777095,25592,"mining"
131,"Control",0,53085,"mining"
138,"Control",0.122609319921595,123971,"mining"
142,"Control",0.00873578614795766,68683,"mining"
145,"Control",0,4853,"mining"
146,"Control",0,50392,"mining"
147,"Control",0,32613,"mining"
148,"Control",0.0350824193225677,205231,"mining"
155,"Control",0,157003,"mining"
159,"Control",0,9,"mining"
160,"Control",0,217,"mining"
162,"Control",0,6021,"mining"
164,"Control",0.0681198910081751,2936,"mining"
167,"Control",0,3256,"mining"
170,"Control",0.0567328780865627,144537,"mining"
171,"Control",0.166827077317933,15585,"mining"
173,"Control",0.312757767390729,29096,"mining"
174,"Control",0.0236099634045565,8471,"mining"
177,"Control",0,94807,"mining"
179,"Control",0.0869434867336281,33355,"mining"
180,"Control",0.13856084784858,361574,"mining"
181,"Control",0,107,"mining"
192,"Control",0,145432,"mining"
193,"Control",0,1207,"mining"
194,"Control",0.240673886883273,831,"mining"
203,"Control",0.461347600217098,25794,"mining"
205,"Control",0.111308993766708,8984,"mining"
207,"Control",0.0885723581938524,55322,"mining"
209,"Control",0,152,"mining"
213,"Control",0.0203894382709738,9809,"mining"
217,"Control",0,66,"mining"
218,"Control",0.0055372518619017,36119,"mining"
225,"Control",0,4115,"mining"
226,"Control",0,70,"mining"
230,"Control",0,4703,"mining"
231,"Control",0.439882697947216,2728,"mining"
232,"Control",0,12993,"mining"
233,"Control",0.10074841681059,6948,"mining"
234,"Control",0.239720896384945,46721,"mining"
236,"Control",0,1160,"mining"
237,"Control",0,17068,"mining"
240,"Control",0,1445,"mining"
241,"Control",0.0659551504976641,16678,"mining"
246,"Control",0,6462,"mining"
247,"Control",0.02264720684448,39740,"mining"
4,"Protected",0,30134,"mining"
7,"Protected",0,66096,"mining"
11,"Protected",0.00382014745769231,52354,"mining"
14,"Protected",0.0259988367929517,1038508,"mining"
15,"Protected",0,6156,"mining"
16,"Protected",0,590,"mining"
19,"Protected",0,361,"mining"
21,"Protected",0,3775,"mining"
27,"Protected",0,23851,"mining"
29,"Protected",0,773,"mining"
32,"Protected",0.0735665389974068,1265521,"mining"
36,"Protected",0.258334358469653,32516,"mining"
42,"Protected",0.00197623088305364,404811,"mining"
46,"Protected",0,20549,"mining"
47,"Protected",0,239,"mining"
50,"Protected",0.0285043594903043,59640,"mining"
54,"Protected",0,1019,"mining"
55,"Protected",0.0405877100414039,12319,"mining"
60,"Protected",0,110479,"mining"
65,"Protected",0,19139,"mining"
69,"Protected",0,1,"mining"
70,"Protected",0.13504388926401,2962,"mining"
71,"Protected",0,74038,"mining"
75,"Protected",0.0113417262107284,8817,"mining"
76,"Protected",0.0109848722616276,63724,"mining"
80,"Protected",0,40475,"mining"
91,"Protected",0.0825763831544177,2422,"mining"
93,"Protected",0.0321336760925315,34232,"mining"
95,"Protected",0,13354,"mining"
98,"Protected",0,2524,"mining"
102,"Protected",0,3727,"mining"
103,"Protected",0,18584,"mining"
104,"Protected",0,6478,"mining"
105,"Protected",0.035360678925036,2828,"mining"
108,"Protected",0.0185246934163275,26991,"mining"
110,"Protected",0.0280741156653649,28496,"mining"
112,"Protected",0.086256469235191,3478,"mining"
113,"Protected",0.0413044522357858,208210,"mining"
114,"Protected",0,10839,"mining"
118,"Protected",0,15436,"mining"
120,"Protected",0,460,"mining"
122,"Protected",0,1081,"mining"
127,"Protected",0.0238435860753393,50328,"mining"
128,"Protected",0,874,"mining"
129,"Protected",0.0195373554235675,25592,"mining"
131,"Protected",0,53085,"mining"
138,"Protected",0.114542917295224,123971,"mining"
142,"Protected",0.00727982178996913,68683,"mining"
145,"Protected",0,4853,"mining"
146,"Protected",0,50392,"mining"
147,"Protected",0,32613,"mining"
148,"Protected",0.0755246527084571,205231,"mining"
155,"Protected",0,157003,"mining"
159,"Protected",0,9,"mining"
160,"Protected",0,217,"mining"
162,"Protected",0,6021,"mining"
164,"Protected",0,2936,"mining"
167,"Protected",1.13636363636361,3256,"mining"
170,"Protected",0,144537,"mining"
171,"Protected",0.192492781520667,15585,"mining"
173,"Protected",0.649573824580672,29096,"mining"
174,"Protected",0.0354149451068408,8471,"mining"
177,"Protected",0,94807,"mining"
179,"Protected",0.0689551791335638,33355,"mining"
180,"Protected",0.00497823405444728,361574,"mining"
181,"Protected",0,107,"mining"
192,"Protected",0.00137521315803814,145432,"mining"
193,"Protected",0,1207,"mining"
194,"Protected",0,831,"mining"
203,"Protected",0.0697836706210843,25794,"mining"
205,"Protected",0.178094390026714,8984,"mining"
207,"Protected",0.0271139872022178,55322,"mining"
209,"Protected",0,152,"mining"
213,"Protected",0.0611683148129269,9809,"mining"
217,"Protected",0,66,"mining"
218,"Protected",0,36119,"mining"
225,"Protected",0.0243013365735119,4115,"mining"
226,"Protected",0,70,"mining"
230,"Protected",0,4703,"mining"
231,"Protected",0.183284457478004,2728,"mining"
232,"Protected",0.0230893558069722,12993,"mining"
233,"Protected",0.0287852619458833,6948,"mining"
234,"Protected",0.0470880332185011,46721,"mining"
236,"Protected",0,1160,"mining"
237,"Protected",0,17068,"mining"
240,"Protected",0,1445,"mining"
241,"Protected",0.0719510732701881,16678,"mining"
246,"Protected",0,6462,"mining"
247,"Protected",0.0125817815802738,39740,"mining"
4,"Control",0,30134,"renewables"
7,"Control",0,66096,"renewables"
11,"Control",0,52589,"renewables"
14,"Control",0.00211842373865356,1038508,"renewables"
15,"Control",0.357374918778431,6156,"renewables"
16,"Control",0,590,"renewables"
19,"Control",0,361,"renewables"
21,"Control",0,3775,"renewables"
27,"Control",0,23851,"renewables"
29,"Control",0,773,"renewables"
32,"Control",0.00292369703863555,1265521,"renewables"
36,"Control",0.0215278632058099,32516,"renewables"
42,"Control",0.00148217316229353,404811,"renewables"
45,"Control",0,8639,"renewables"
46,"Control",0.0149823956850676,26698,"renewables"
47,"Control",0,239,"renewables"
50,"Control",0,59640,"renewables"
55,"Control",0,12319,"renewables"
62,"Control",0,203,"renewables"
65,"Control",0,19139,"renewables"
67,"Control",0,926,"renewables"
70,"Control",0.202565833896015,2962,"renewables"
71,"Control",0.00135065777033517,74038,"renewables"
75,"Control",0.0340251786321855,8817,"renewables"
76,"Control",0.579059694934382,63724,"renewables"
91,"Control",0,2422,"renewables"
95,"Control",0,13354,"renewables"
98,"Control",0,2524,"renewables"
100,"Control",0,755,"renewables"
102,"Control",0,3727,"renewables"
103,"Control",0,18584,"renewables"
105,"Control",0.777934936350772,2828,"renewables"
108,"Control",0.155607424697132,26991,"renewables"
110,"Control",0.0456204379562039,28496,"renewables"
112,"Control",0,3478,"renewables"
113,"Control",0.000480284328322449,208210,"renewables"
114,"Control",0,10839,"renewables"
118,"Control",0,15436,"renewables"
119,"Control",0,1996,"renewables"
120,"Control",0,460,"renewables"
123,"Control",0,149,"renewables"
125,"Control",0,1901,"renewables"
127,"Control",0,50328,"renewables"
129,"Control",0,25592,"renewables"
131,"Control",0,53085,"renewables"
138,"Control",0.00483812442043456,124015,"renewables"
142,"Control",0,68683,"renewables"
145,"Control",0,4853,"renewables"
146,"Control",0,50392,"renewables"
147,"Control",0,32613,"renewables"
148,"Control",0,205231,"renewables"
150,"Control",0,6591,"renewables"
155,"Control",0,157003,"renewables"
160,"Control",0,217,"renewables"
162,"Control",0.116259757515361,6021,"renewables"
164,"Control",0,2936,"renewables"
167,"Control",0,3256,"renewables"
170,"Control",0,144537,"renewables"
171,"Control",0.0128328521013774,15585,"renewables"
173,"Control",0.0859224635688853,29096,"renewables"
174,"Control",0.401369377877458,8471,"renewables"
179,"Control",0.00599610253335259,33355,"renewables"
180,"Control",0,361574,"renewables"
181,"Control",0,107,"renewables"
192,"Control",0,145432,"renewables"
193,"Control",0,1207,"renewables"
194,"Control",0,831,"renewables"
203,"Control",0,25794,"renewables"
205,"Control",0.122439893143358,8984,"renewables"
207,"Control",0.339828639600857,55322,"renewables"
209,"Control",0,152,"renewables"
213,"Control",0.0917524722193881,9809,"renewables"
214,"Control",0,408,"renewables"
216,"Control",0,103,"renewables"
218,"Control",0,36119,"renewables"
225,"Control",0,4115,"renewables"
226,"Control",0,70,"renewables"
230,"Control",0,4703,"renewables"
231,"Control",0,2728,"renewables"
232,"Control",0,12993,"renewables"
233,"Control",1.85664939550948,6948,"renewables"
234,"Control",0.111877680402722,48267,"renewables"
236,"Control",0,1160,"renewables"
237,"Control",0,17068,"renewables"
240,"Control",0,1445,"renewables"
241,"Control",0,16678,"renewables"
245,"Control",0,693,"renewables"
246,"Control",0,6462,"renewables"
4,"Protected",0.00331851065241847,30134,"renewables"
7,"Protected",0,66096,"renewables"
11,"Protected",0,52589,"renewables"
14,"Protected",0.000481459940611252,1038508,"renewables"
15,"Protected",0.0324886289798574,6156,"renewables"
16,"Protected",0,590,"renewables"
19,"Protected",0,361,"renewables"
21,"Protected",0,3775,"renewables"
27,"Protected",0,23851,"renewables"
29,"Protected",0,773,"renewables"
32,"Protected",0.000237056516642521,1265521,"renewables"
36,"Protected",0.0492065444704247,32516,"renewables"
42,"Protected",0,404811,"renewables"
45,"Protected",0,8639,"renewables"
46,"Protected",0,26698,"renewables"
47,"Protected",0,239,"renewables"
50,"Protected",0,59640,"renewables"
55,"Protected",0.0649403360662459,12319,"renewables"
62,"Protected",0,203,"renewables"
65,"Protected",0,19139,"renewables"
67,"Protected",0,926,"renewables"
70,"Protected",0,2962,"renewables"
71,"Protected",0.00135065777033531,74038,"renewables"
75,"Protected",0.0113417262107285,8817,"renewables"
76,"Protected",0.284037411336391,63724,"renewables"
91,"Protected",0,2422,"renewables"
95,"Protected",0,13354,"renewables"
98,"Protected",0,2524,"renewables"
100,"Protected",0,755,"renewables"
102,"Protected",0,3727,"renewables"
103,"Protected",0,18584,"renewables"
105,"Protected",0.671852899575657,2828,"renewables"
108,"Protected",0.0815086510318087,26991,"renewables"
110,"Protected",0.0912408759124158,28496,"renewables"
112,"Protected",0,3478,"renewables"
113,"Protected",0,208210,"renewables"
114,"Protected",0,10839,"renewables"
118,"Protected",0,15436,"renewables"
119,"Protected",0,1996,"renewables"
120,"Protected",0,460,"renewables"
123,"Protected",0,149,"renewables"
125,"Protected",0.0526038926880595,1901,"renewables"
127,"Protected",0,50328,"renewables"
129,"Protected",0,25592,"renewables"
131,"Protected",0,53085,"renewables"
138,"Protected",0.00564447849050892,124015,"renewables"
142,"Protected",0,68683,"renewables"
145,"Protected",0,4853,"renewables"
146,"Protected",0,50392,"renewables"
147,"Protected",0,32613,"renewables"
148,"Protected",0.000487255823924593,205231,"renewables"
150,"Protected",0,6591,"renewables"
155,"Protected",0,157003,"renewables"
160,"Protected",0,217,"renewables"
162,"Protected",0.0332170735758174,6021,"renewables"
164,"Protected",0,2936,"renewables"
167,"Protected",0.0307125307125309,3256,"renewables"
170,"Protected",0,144537,"renewables"
171,"Protected",0.0384985563041378,15585,"renewables"
173,"Protected",0.0274951883420418,29096,"renewables"
174,"Protected",0.731908865541229,8471,"renewables"
179,"Protected",0.0119922050667081,33355,"renewables"
180,"Protected",0.000276568558580723,361574,"renewables"
181,"Protected",0,107,"renewables"
192,"Protected",0,145432,"renewables"
193,"Protected",0,1207,"renewables"
194,"Protected",0,831,"renewables"
203,"Protected",0,25794,"renewables"
205,"Protected",0.155832591273374,8984,"renewables"
207,"Protected",0.130147138570585,55322,"renewables"
209,"Protected",0,152,"renewables"
213,"Protected",0.0203894382709736,9809,"renewables"
214,"Protected",0,408,"renewables"
216,"Protected",0,103,"renewables"
218,"Protected",0,36119,"renewables"
225,"Protected",0,4115,"renewables"
226,"Protected",0,70,"renewables"
230,"Protected",0,4703,"renewables"
231,"Protected",0,2728,"renewables"
232,"Protected",0.0307858077426297,12993,"renewables"
233,"Protected",0.474956822107094,6948,"renewables"
234,"Protected",0.00414361779269604,48267,"renewables"
236,"Protected",0,1160,"renewables"
237,"Protected",0,17068,"renewables"
240,"Protected",0,1445,"renewables"
241,"Protected",0.00599592277251578,16678,"renewables"
245,"Protected",0,693,"renewables"
246,"Protected",0,6462,"renewables"
4,"Control",3.46784363177817,30134,"roads"
7,"Control",3.11970467199306,66096,"roads"
11,"Control",14.4745098784919,52589,"roads"
14,"Control",4.05581853965969,1038508,"roads"
15,"Control",39.3112410656269,6156,"roads"
16,"Control",8.98305084745762,590,"roads"
19,"Control",56.5096952908587,361,"roads"
21,"Control",18.6225165562916,3775,"roads"
24,"Control",48.7179487179487,39,"roads"
27,"Control",6.37289841096773,23851,"roads"
29,"Control",5.95084087968953,773,"roads"
32,"Control",1.51589740509974,1265521,"roads"
36,"Control",21.45712879813,32516,"roads"
41,"Control",16.153553781833,23679,"roads"
42,"Control",0.710455002459678,404811,"roads"
45,"Control",7.3156615348999,8639,"roads"
46,"Control",1.764177091917,26698,"roads"
47,"Control",7.94979079497908,239,"roads"
50,"Control",29.1448692152796,59640,"roads"
54,"Control",14.8184494602551,1019,"roads"
55,"Control",36.4477636171772,12319,"roads"
60,"Control",3.67581169271894,110479,"roads"
62,"Control",21.6748768472906,203,"roads"
65,"Control",12.8167615862896,19139,"roads"
67,"Control",90.7127429805616,926,"roads"
69,"Control",0,1,"roads"
70,"Control",20.6617150573936,2962,"roads"
71,"Control",6.18601258813075,74038,"roads"
75,"Control",12.1243053192693,8817,"roads"
76,"Control",53.8870755131498,63724,"roads"
80,"Control",3.18468190240823,40475,"roads"
81,"Control",8.33333333333334,24,"roads"
91,"Control",20.9744013212222,2422,"roads"
93,"Control",37.0472072914242,34232,"roads"
95,"Control",1.42279466826427,13354,"roads"
98,"Control",5.82408874801896,2524,"roads"
100,"Control",15.6291390728477,755,"roads"
102,"Control",13.1473034612288,3727,"roads"
103,"Control",1.71653034868694,18584,"roads"
104,"Control",42.4668107440572,6478,"roads"
105,"Control",30.2333804809053,2828,"roads"
108,"Control",38.1868030084104,26991,"roads"
110,"Control",35.366367209435,28496,"roads"
112,"Control",4.77285796434736,3478,"roads"
113,"Control",3.09062965275499,208210,"roads"
114,"Control",6.89177968447288,10839,"roads"
118,"Control",7.43068152371078,15436,"roads"
119,"Control",29.5090180360722,1996,"roads"
120,"Control",43.2608695652174,460,"roads"
122,"Control",18.2238667900093,1081,"roads"
123,"Control",0.671140939597314,149,"roads"
125,"Control",28.3534981588638,1901,"roads"
127,"Control",9.58512160228882,50328,"roads"
128,"Control",8.58123569794056,874,"roads"
129,"Control",2.32494529540488,25592,"roads"
131,"Control",11.0935292455487,53085,"roads"
138,"Control",17.9986291980859,124015,"roads"
142,"Control",2.02379045760959,68683,"roads"
145,"Control",5.56356892643725,4853,"roads"
146,"Control",7.47737736148511,50392,"roads"
147,"Control",5.34142826480235,32613,"roads"
148,"Control",2.56052935472731,205231,"roads"
150,"Control",18.9197390380826,6591,"roads"
155,"Control",2.29358674674993,157003,"roads"
159,"Control",33.3333333333333,9,"roads"
160,"Control",9.21658986175115,217,"roads"
162,"Control",6.99219398770975,6021,"roads"
164,"Control",8.37874659400535,2936,"roads"
167,"Control",2.67199017199018,3256,"roads"
169,"Control",5.20274299344075,6708,"roads"
170,"Control",3.20748320499199,144537,"roads"
171,"Control",6.84632659608593,15585,"roads"
173,"Control",46.3465768490518,29096,"roads"
174,"Control",31.0116869318856,8471,"roads"
177,"Control",4.10834643011332,94807,"roads"
179,"Control",20.446709638734,33355,"roads"
180,"Control",2.14617201457816,361574,"roads"
181,"Control",77.5700934579439,107,"roads"
192,"Control",2.02362616205573,145432,"roads"
193,"Control",17.0671085335543,1207,"roads"
194,"Control",12.0336943441636,831,"roads"
203,"Control",18.5547026440259,25794,"roads"
205,"Control",37.9786286731966,8984,"roads"
206,"Control",1.81865759518518,15286,"roads"
207,"Control",22.665485701891,55322,"roads"
209,"Control",0,152,"roads"
212,"Control",19.4444444444444,36,"roads"
213,"Control",17.2188806198387,9809,"roads"
214,"Control",35.0490196078432,408,"roads"
216,"Control",62.1359223300971,103,"roads"
217,"Control",13.6363636363636,66,"roads"
218,"Control",2.10969295938438,36119,"roads"
221,"Control",5.55555555555556,288,"roads"
225,"Control",5.68651275820168,4115,"roads"
226,"Control",11.4285714285714,70,"roads"
230,"Control",3.76355517754623,4703,"roads"
231,"Control",31.8181818181817,2728,"roads"
232,"Control",3.50188563072423,12993,"roads"
233,"Control",29.7783534830173,6948,"roads"
234,"Control",8.06140841569002,48267,"roads"
236,"Control",31.551724137931,1160,"roads"
237,"Control",7.19475041012392,17068,"roads"
240,"Control",4.4982698961937,1445,"roads"
241,"Control",21.3155054562903,16678,"roads"
245,"Control",22.2222222222223,693,"roads"
246,"Control",2.70813989476929,6462,"roads"
247,"Control",13.3215903371922,39740,"roads"
4,"Protected",4.60941129621048,30134,"roads"
7,"Protected",2.22555071411297,66096,"roads"
11,"Protected",11.84468234802,52589,"roads"
14,"Protected",2.8464874608713,1038508,"roads"
15,"Protected",39.1650422352177,6156,"roads"
16,"Protected",9.4915254237288,590,"roads"
19,"Protected",27.1468144044321,361,"roads"
21,"Protected",13.4834437086089,3775,"roads"
24,"Protected",5.12820512820513,39,"roads"
27,"Protected",5.0270428912832,23851,"roads"
29,"Protected",18.2406209573092,773,"roads"
32,"Protected",1.28050028408704,1265521,"roads"
36,"Protected",20.1162504613109,32516,"roads"
41,"Protected",5.1142362430851,23679,"roads"
42,"Protected",0.416490658604709,404811,"roads"
45,"Protected",7.50086815603654,8639,"roads"
46,"Protected",1.52445876095586,26698,"roads"
47,"Protected",5.85774058577405,239,"roads"
50,"Protected",24.3930248155632,59640,"roads"
54,"Protected",7.06575073601575,1019,"roads"
55,"Protected",36.2204724409442,12319,"roads"
60,"Protected",4.09399071316608,110479,"roads"
62,"Protected",24.6305418719212,203,"roads"
65,"Protected",4.42551857463821,19139,"roads"
67,"Protected",70.194384449244,926,"roads"
69,"Protected",0,1,"roads"
70,"Protected",11.613774476705,2962,"roads"
71,"Protected",6.15089548610246,74038,"roads"
75,"Protected",7.61029828739894,8817,"roads"
76,"Protected",48.6190446299646,63724,"roads"
80,"Protected",3.16491661519468,40475,"roads"
81,"Protected",8.33333333333333,24,"roads"
91,"Protected",11.0652353426919,2422,"roads"
93,"Protected",31.1433746202384,34232,"roads"
95,"Protected",0.217163396735065,13354,"roads"
98,"Protected",6.89381933438981,2524,"roads"
100,"Protected",7.41721854304635,755,"roads"
102,"Protected",4.10517842768987,3727,"roads"
103,"Protected",2.65281962978881,18584,"roads"
104,"Protected",16.7953071935782,6478,"roads"
105,"Protected",19.6251768033947,2828,"roads"
108,"Protected",31.9921455299911,26991,"roads"
110,"Protected",38.5211959573319,28496,"roads"
112,"Protected",7.24554341575607,3478,"roads"
113,"Protected",2.58873252965765,208210,"roads"
114,"Protected",6.67958298736054,10839,"roads"
118,"Protected",5.49365120497544,15436,"roads"
119,"Protected",24.8997995991983,1996,"roads"
120,"Protected",31.9565217391304,460,"roads"
122,"Protected",3.05272895467161,1081,"roads"
123,"Protected",0.671140939597316,149,"roads"
125,"Protected",14.6764860599685,1901,"roads"
127,"Protected",7.98362740422779,50328,"roads"
128,"Protected",1.02974828375286,874,"roads"
129,"Protected",2.01625507971256,25592,"roads"
131,"Protected",6.90590562305856,53085,"roads"
138,"Protected",16.5254203120535,124015,"roads"
142,"Protected",0.88377036530177,68683,"roads"
145,"Protected",5.29569338553464,4853,"roads"
146,"Protected",4.92935386569296,50392,"roads"
147,"Protected",5.77377119553588,32613,"roads"
148,"Protected",3.4765703037062,205231,"roads"
150,"Protected",20.7100591715976,6591,"roads"
155,"Protected",1.93117328967977,157003,"roads"
159,"Protected",0,9,"roads"
160,"Protected",6.91244239631335,217,"roads"
162,"Protected",2.77362564358069,6021,"roads"
164,"Protected",9.23024523160742,2936,"roads"
167,"Protected",0.98280098280102,3256,"roads"
169,"Protected",3.93559928443636,6708,"roads"
170,"Protected",3.08986626261405,144537,"roads"
171,"Protected",6.24318254732098,15585,"roads"
173,"Protected",41.9301622216104,29096,"roads"
174,"Protected",36.4537834966353,8471,"roads"
177,"Protected",4.41212146782326,94807,"roads"
179,"Protected",15.7817418677868,33355,"roads"
180,"Protected",2.19346523810072,361574,"roads"
181,"Protected",36.4485981308411,107,"roads"
192,"Protected",2.040128719952,145432,"roads"
193,"Protected",13.2560066280033,1207,"roads"
194,"Protected",15.0421179302046,831,"roads"
203,"Protected",19.5316740327203,25794,"roads"
205,"Protected",40.6277827248438,8984,"roads"
206,"Protected",2.76723799555169,15286,"roads"
207,"Protected",19.7498282780807,55322,"roads"
209,"Protected",7.23684210526316,152,"roads"
212,"Protected",13.8888888888889,36,"roads"
213,"Protected",9.02232643490612,9809,"roads"
214,"Protected",26.4705882352941,408,"roads"
216,"Protected",42.7184466019417,103,"roads"
217,"Protected",13.6363636363636,66,"roads"
218,"Protected",2.02940280738677,36119,"roads"
221,"Protected",6.59722222222222,288,"roads"
225,"Protected",4.56865127582013,4115,"roads"
226,"Protected",10,70,"roads"
230,"Protected",4.80544333404208,4703,"roads"
231,"Protected",27.6026392961877,2728,"roads"
232,"Protected",1.85484491649336,12993,"roads"
233,"Protected",29.1306850892332,6948,"roads"
234,"Protected",6.61942942382963,48267,"roads"
236,"Protected",28.3620689655173,1160,"roads"
237,"Protected",7.67518162643551,17068,"roads"
240,"Protected",2.7681660899654,1445,"roads"
241,"Protected",17.6280129511932,16678,"roads"
245,"Protected",27.2727272727272,693,"roads"
246,"Protected",1.08325595790783,6462,"roads"
247,"Protected",12.8409662808249,39740,"roads"
4,"Control",7.54297471294861,30134,"powerlines"
7,"Control",0.254175744371778,66096,"powerlines"
11,"Control",2.53475061324646,52589,"powerlines"
14,"Control",0.375153585725094,1038508,"powerlines"
15,"Control",17.495126705653,6156,"powerlines"
16,"Control",10.3389830508475,590,"powerlines"
19,"Control",8.86426592797784,361,"powerlines"
21,"Control",11.6291390728477,3775,"powerlines"
24,"Control",5.12820512820513,39,"powerlines"
27,"Control",2.41499308205097,23851,"powerlines"
29,"Control",14.8771021992238,773,"powerlines"
32,"Control",2.29083515802507,1265521,"powerlines"
36,"Control",21.503259933571,32516,"powerlines"
41,"Control",7.46230837450929,23679,"powerlines"
42,"Control",0.768259755787365,404811,"powerlines"
45,"Control",0.104178724389405,8639,"powerlines"
46,"Control",0.494419057607263,26698,"powerlines"
47,"Control",4.60251046025105,239,"powerlines"
50,"Control",5.53990610328743,59640,"powerlines"
54,"Control",3.8272816486752,1019,"powerlines"
55,"Control",23.3947560678622,12319,"powerlines"
60,"Control",0.480634328695741,110479,"powerlines"
62,"Control",7.38916256157637,203,"powerlines"
65,"Control",6.15497152411334,19139,"powerlines"
67,"Control",41.4686825053996,926,"powerlines"
69,"Control",0,1,"powerlines"
70,"Control",15.530047265361,2962,"powerlines"
71,"Control",2.57300305248666,74038,"powerlines"
75,"Control",6.21526596347977,8817,"powerlines"
76,"Control",24.8619044629974,63724,"powerlines"
80,"Control",0.916615194564459,40475,"powerlines"
81,"Control",0,24,"powerlines"
91,"Control",9.37241948802655,2422,"powerlines"
93,"Control",1.85791072680548,34232,"powerlines"
95,"Control",0.119814287853816,13354,"powerlines"
98,"Control",7.17115689381935,2524,"powerlines"
100,"Control",7.54966887417218,755,"powerlines"
102,"Control",0.10732492621411,3727,"powerlines"
103,"Control",2.42681876883341,18584,"powerlines"
104,"Control",14.0784192652053,6478,"powerlines"
105,"Control",14.7807637906647,2828,"powerlines"
108,"Control",21.8406135378457,26991,"powerlines"
110,"Control",16.300533408198,28496,"powerlines"
112,"Control",1.5813686026452,3478,"powerlines"
113,"Control",2.34714951251074,208210,"powerlines"
114,"Control",1.97435187747951,10839,"powerlines"
118,"Control",3.48535890126979,15436,"powerlines"
119,"Control",14.3787575150301,1996,"powerlines"
120,"Control",24.3478260869565,460,"powerlines"
122,"Control",0.0925069380203517,1081,"powerlines"
123,"Control",0,149,"powerlines"
125,"Control",16.6228300894266,1901,"powerlines"
127,"Control",0.143061516452071,50328,"powerlines"
128,"Control",9.15331807780314,874,"powerlines"
129,"Control",3.8723038449515,25592,"powerlines"
131,"Control",0.766694923236069,53085,"powerlines"
138,"Control",6.82094907874417,124015,"powerlines"
142,"Control",1.04392644468039,68683,"powerlines"
145,"Control",8.07747784875324,4853,"powerlines"
146,"Control",1.35338942689309,50392,"powerlines"
147,"Control",0.870818385306485,32613,"powerlines"
148,"Control",1.33410644590764,205231,"powerlines"
150,"Control",5.37096040054641,6591,"powerlines"
155,"Control",0.211460927498272,157003,"powerlines"
159,"Control",11.1111111111111,9,"powerlines"
160,"Control",18.4331797235023,217,"powerlines"
162,"Control",9.7658196312905,6021,"powerlines"
164,"Control",2.75885558583108,2936,"powerlines"
167,"Control",1.56633906633907,3256,"powerlines"
169,"Control",4.99403697078084,6708,"powerlines"
170,"Control",0.827469782823795,144537,"powerlines"
171,"Control",4.36958614051986,15585,"powerlines"
173,"Control",29.4164146274402,29096,"powerlines"
174,"Control",22.9370794475269,8471,"powerlines"
177,"Control",1.22881221850835,94807,"powerlines"
179,"Control",16.6871533503225,33355,"powerlines"
180,"Control",1.9852091134846,361574,"powerlines"
181,"Control",4.67289719626168,107,"powerlines"
192,"Control",5.65900214533188,145432,"powerlines"
193,"Control",0.165700082850044,1207,"powerlines"
194,"Control",15.5234657039711,831,"powerlines"
203,"Control",5.20276033186024,25794,"powerlines"
205,"Control",26.5471950133571,8984,"powerlines"
206,"Control",1.0532513410965,15286,"powerlines"
207,"Control",15.2760203897183,55322,"powerlines"
209,"Control",0,152,"powerlines"
212,"Control",13.8888888888889,36,"powerlines"
213,"Control",9.86848812315168,9809,"powerlines"
214,"Control",20.0980392156863,408,"powerlines"
216,"Control",26.2135922330097,103,"powerlines"
217,"Control",9.0909090909091,66,"powerlines"
218,"Control",2.43085356737428,36119,"powerlines"
221,"Control",15.9722222222222,288,"powerlines"
225,"Control",3.83961117861481,4115,"powerlines"
226,"Control",2.85714285714286,70,"powerlines"
230,"Control",3.16819051669144,4703,"powerlines"
231,"Control",22.0674486803519,2728,"powerlines"
232,"Control",5.45678442238129,12993,"powerlines"
233,"Control",17.4438687392057,6948,"powerlines"
234,"Control",7.36320881761899,48267,"powerlines"
236,"Control",3.18965517241379,1160,"powerlines"
237,"Control",1.54089524255887,17068,"powerlines"
240,"Control",4.42906574394463,1445,"powerlines"
241,"Control",3.23180237438569,16678,"powerlines"
245,"Control",2.59740259740259,693,"powerlines"
246,"Control",0.448777468276048,6462,"powerlines"
247,"Control",2.52138902868624,39740,"powerlines"
4,"Protected",6.61047321961955,30134,"powerlines"
7,"Protected",0.500786734446946,66096,"powerlines"
11,"Protected",2.16395063606417,52589,"powerlines"
14,"Protected",0.20693148247117,1038508,"powerlines"
15,"Protected",13.7102014294995,6156,"powerlines"
16,"Protected",13.8983050847458,590,"powerlines"
19,"Protected",4.98614958448754,361,"powerlines"
21,"Protected",4.55629139072847,3775,"powerlines"
24,"Protected",0,39,"powerlines"
27,"Protected",2.13827512473259,23851,"powerlines"
29,"Protected",15.6532988357051,773,"powerlines"
32,"Protected",0.747992328859637,1265521,"powerlines"
36,"Protected",17.2468938368801,32516,"powerlines"
41,"Protected",0.92487013809715,23679,"powerlines"
42,"Protected",0.428348043900867,404811,"powerlines"
45,"Protected",0,8639,"powerlines"
46,"Protected",0.344595100756507,26698,"powerlines"
47,"Protected",0.836820083682009,239,"powerlines"
50,"Protected",4.11636485580168,59640,"powerlines"
54,"Protected",7.06575073601576,1019,"powerlines"
55,"Protected",21.0812565955028,12319,"powerlines"
60,"Protected",1.37582708025937,110479,"powerlines"
62,"Protected",0,203,"powerlines"
65,"Protected",3.92392496995656,19139,"powerlines"
67,"Protected",18.7904967602592,926,"powerlines"
69,"Protected",0,1,"powerlines"
70,"Protected",6.11073598919643,2962,"powerlines"
71,"Protected",1.97466166022886,74038,"powerlines"
75,"Protected",3.34580923216503,8817,"powerlines"
76,"Protected",22.3604921222772,63724,"powerlines"
80,"Protected",1.23285978999368,40475,"powerlines"
81,"Protected",0,24,"powerlines"
91,"Protected",4.74814203137902,2422,"powerlines"
93,"Protected",4.38478616499169,34232,"powerlines"
95,"Protected",0.0149767859817274,13354,"powerlines"
98,"Protected",8.24088748019012,2524,"powerlines"
100,"Protected",1.72185430463576,755,"powerlines"
102,"Protected",0,3727,"powerlines"
103,"Protected",2.14162720619875,18584,"powerlines"
104,"Protected",5.69620253164567,6478,"powerlines"
105,"Protected",9.33521923620938,2828,"powerlines"
108,"Protected",16.579600607608,26991,"powerlines"
110,"Protected",13.6089275687797,28496,"powerlines"
112,"Protected",1.32259919493964,3478,"powerlines"
113,"Protected",1.9802122856731,208210,"powerlines"
114,"Protected",1.89131838730502,10839,"powerlines"
118,"Protected",1.32158590308371,15436,"powerlines"
119,"Protected",4.75951903807613,1996,"powerlines"
120,"Protected",21.304347826087,460,"powerlines"
122,"Protected",0,1081,"powerlines"
123,"Protected",0,149,"powerlines"
125,"Protected",7.20673329826409,1901,"powerlines"
127,"Protected",0.149022412970825,50328,"powerlines"
128,"Protected",0.572082379862696,874,"powerlines"
129,"Protected",3.33698030634598,25592,"powerlines"
131,"Protected",0.533107280776017,53085,"powerlines"
138,"Protected",6.06136354473668,124015,"powerlines"
142,"Protected",0.275177263660578,68683,"powerlines"
145,"Protected",5.81083865650109,4853,"powerlines"
146,"Protected",1.47047150341333,50392,"powerlines"
147,"Protected",1.54539600772721,32613,"powerlines"
148,"Protected",1.82331129312922,205231,"powerlines"
150,"Protected",6.49370353512357,6591,"powerlines"
155,"Protected",0.326745348814859,157003,"powerlines"
159,"Protected",0,9,"powerlines"
160,"Protected",5.52995391705069,217,"powerlines"
162,"Protected",4.06909151303756,6021,"powerlines"
164,"Protected",4.42779291553126,2936,"powerlines"
167,"Protected",1.32063882063883,3256,"powerlines"
169,"Protected",2.75790101371485,6708,"powerlines"
170,"Protected",0.848917578197319,144537,"powerlines"
171,"Protected",2.90022457491175,15585,"powerlines"
173,"Protected",23.3502886994774,29096,"powerlines"
174,"Protected",24.5189469956327,8471,"powerlines"
177,"Protected",1.54735409832568,94807,"powerlines"
179,"Protected",12.9605756258413,33355,"powerlines"
180,"Protected",1.44894267840172,361574,"powerlines"
181,"Protected",3.73831775700935,107,"powerlines"
192,"Protected",2.04494196600716,145432,"powerlines"
193,"Protected",0,1207,"powerlines"
194,"Protected",11.3116726835139,831,"powerlines"
203,"Protected",3.5357059781344,25794,"powerlines"
205,"Protected",22.5845948352631,8984,"powerlines"
206,"Protected",0.614941776789203,15286,"powerlines"
207,"Protected",11.6463613029167,55322,"powerlines"
209,"Protected",0,152,"powerlines"
212,"Protected",0,36,"powerlines"
213,"Protected",5.58670608624722,9809,"powerlines"
214,"Protected",9.0686274509804,408,"powerlines"
216,"Protected",14.5631067961165,103,"powerlines"
217,"Protected",1.51515151515151,66,"powerlines"
218,"Protected",1.70547357346558,36119,"powerlines"
221,"Protected",7.63888888888888,288,"powerlines"
225,"Protected",2.91616038882133,4115,"powerlines"
226,"Protected",4.28571428571428,70,"powerlines"
230,"Protected",1.95619817137994,4703,"powerlines"
231,"Protected",14.4794721407624,2728,"powerlines"
232,"Protected",5.04117601785571,12993,"powerlines"
233,"Protected",15.1842256764535,6948,"powerlines"
234,"Protected",4.41916837590905,48267,"powerlines"
236,"Protected",2.58620689655173,1160,"powerlines"
237,"Protected",0.257792359971812,17068,"powerlines"
240,"Protected",1.86851211072662,1445,"powerlines"
241,"Protected",2.36838949514319,16678,"powerlines"
245,"Protected",5.05050505050505,693,"powerlines"
246,"Protected",0.464252553389017,6462,"powerlines"
247,"Protected",2.52138902868627,39740,"powerlines"
4,"Control",0.00331851065241847,30134,"fires"
7,"Control",0.0605180343742126,66096,"fires"
11,"Control",0.515316891365082,52589,"fires"
14,"Control",0.715160595778556,1038508,"fires"
16,"Control",0,590,"fires"
19,"Control",0,361,"fires"
21,"Control",0,3775,"fires"
24,"Control",0,39,"fires"
27,"Control",0.0125780889690186,23851,"fires"
29,"Control",0,773,"fires"
32,"Control",0.0261552356691996,1265521,"fires"
36,"Control",0,32516,"fires"
41,"Control",0.840407111786773,23679,"fires"
42,"Control",0.0019762308830533,404811,"fires"
45,"Control",2.14145155689319,8639,"fires"
46,"Control",0,26698,"fires"
47,"Control",0,239,"fires"
50,"Control",0.18779342723006,59640,"fires"
54,"Control",0,1019,"fires"
60,"Control",3.07841309207814,110479,"fires"
67,"Control",0,926,"fires"
69,"Control",0,1,"fires"
71,"Control",0.813095977741405,74038,"fires"
76,"Control",0,63724,"fires"
80,"Control",0.0840024706609162,40475,"fires"
81,"Control",0,24,"fires"
91,"Control",0,2422,"fires"
93,"Control",6.22809067539109,34232,"fires"
95,"Control",0.0149767859817273,13354,"fires"
98,"Control",0,2524,"fires"
102,"Control",0,3727,"fires"
103,"Control",0.0430477830391664,18584,"fires"
104,"Control",0.555727076258101,6478,"fires"
108,"Control",0,26991,"fires"
112,"Control",0,3478,"fires"
113,"Control",0.373661207434374,208210,"fires"
114,"Control",0,10839,"fires"
118,"Control",0.0712619849702042,15436,"fires"
122,"Control",0,1081,"fires"
123,"Control",0,149,"fires"
127,"Control",0.166905102527452,50328,"fires"
128,"Control",0,874,"fires"
129,"Control",0,25592,"fires"
131,"Control",0.806254120749971,53085,"fires"
138,"Control",0.0274160383824809,124015,"fires"
142,"Control",0,68683,"fires"
146,"Control",0.430623908557175,50392,"fires"
147,"Control",0.0183975715205622,32613,"fires"
148,"Control",0.0940403740177592,205231,"fires"
155,"Control",0,157003,"fires"
160,"Control",0,217,"fires"
164,"Control",0,2936,"fires"
167,"Control",0,3256,"fires"
169,"Control",0.10435301132976,6708,"fires"
170,"Control",0,144537,"fires"
171,"Control",0.0705806865575848,15585,"fires"
174,"Control",0.165269743831886,8471,"fires"
177,"Control",1.17079962449999,94807,"fires"
179,"Control",0.0059961025333523,33355,"fires"
180,"Control",0.178110151725088,361574,"fires"
181,"Control",0,107,"fires"
192,"Control",0,145432,"fires"
193,"Control",0.66280033140017,1207,"fires"
203,"Control",0.058153058850889,25794,"fires"
206,"Control",3.74852806489625,15286,"fires"
207,"Control",0,55322,"fires"
209,"Control",0,152,"fires"
212,"Control",0,36,"fires"
217,"Control",0,66,"fires"
218,"Control",0.116282289099881,36119,"fires"
221,"Control",1.04166666666667,288,"fires"
225,"Control",0,4115,"fires"
226,"Control",0,70,"fires"
230,"Control",20.5826068466936,4703,"fires"
231,"Control",0,2728,"fires"
234,"Control",0.0331489423415691,48267,"fires"
236,"Control",0,1160,"fires"
237,"Control",0,17068,"fires"
240,"Control",0.138408304498273,1445,"fires"
241,"Control",0.31778390694332,16678,"fires"
246,"Control",6.42216032188171,6462,"fires"
247,"Control",0.00754906894816781,39740,"fires"
4,"Protected",0.0066370213048369,30134,"fires"
7,"Protected",0.456911159525535,66096,"fires"
11,"Protected",0.500104584608846,52589,"fires"
14,"Protected",0.921706910294004,1038508,"fires"
16,"Protected",0,590,"fires"
19,"Protected",0,361,"fires"
21,"Protected",0,3775,"fires"
24,"Protected",0,39,"fires"
27,"Protected",0.0377342669070573,23851,"fires"
29,"Protected",0.129366106080206,773,"fires"
32,"Protected",0.0381660991795948,1265521,"fires"
36,"Protected",0.0123016361176023,32516,"fires"
41,"Protected",1.51611132226853,23679,"fires"
42,"Protected",0.00197623088306203,404811,"fires"
45,"Protected",2.51186479916662,8639,"fires"
46,"Protected",0.00374559892126691,26698,"fires"
47,"Protected",0,239,"fires"
50,"Protected",0.165995975855174,59640,"fires"
54,"Protected",0.392541707556426,1019,"fires"
60,"Protected",1.03368060898498,110479,"fires"
67,"Protected",0,926,"fires"
69,"Protected",0,1,"fires"
71,"Protected",1.11429266052645,74038,"fires"
76,"Protected",0.00313853493189489,63724,"fires"
80,"Protected",0.123533045089596,40475,"fires"
81,"Protected",0,24,"fires"
91,"Protected",0.0412881915772089,2422,"fires"
93,"Protected",3.53470437017987,34232,"fires"
95,"Protected",0,13354,"fires"
98,"Protected",0,2524,"fires"
102,"Protected",0,3727,"fires"
103,"Protected",0.0107619457597919,18584,"fires"
104,"Protected",0.787280024698953,6478,"fires"
108,"Protected",0.00370493868326465,26991,"fires"
112,"Protected",0,3478,"fires"
113,"Protected",0.0869314634264855,208210,"fires"
114,"Protected",0,10839,"fires"
118,"Protected",0.181394143560506,15436,"fires"
122,"Protected",0.185013876040704,1081,"fires"
123,"Protected",0,149,"fires"
127,"Protected",0.198696550627872,50328,"fires"
128,"Protected",0.457665903890161,874,"fires"
129,"Protected",0,25592,"fires"
131,"Protected",0.851464632194126,53085,"fires"
138,"Protected",0.0419304116437644,124015,"fires"
142,"Protected",0,68683,"fires"
146,"Protected",0.36712176535942,50392,"fires"
147,"Protected",0,32613,"fires"
148,"Protected",0.106221769615657,205231,"fires"
155,"Protected",0,157003,"fires"
160,"Protected",0,217,"fires"
164,"Protected",0,2936,"fires"
167,"Protected",0,3256,"fires"
169,"Protected",0.283243887895059,6708,"fires"
170,"Protected",0,144537,"fires"
171,"Protected",0.147577799165848,15585,"fires"
174,"Protected",0,8471,"fires"
177,"Protected",1.1191156771141,94807,"fires"
179,"Protected",0.0719532304002789,33355,"fires"
180,"Protected",0.125838694153998,361574,"fires"
181,"Protected",0.934579439252336,107,"fires"
192,"Protected",0,145432,"fires"
193,"Protected",1.40845070422534,1207,"fires"
203,"Protected",0.0969217647515004,25794,"fires"
206,"Protected",2.84574120109885,15286,"fires"
207,"Protected",0,55322,"fires"
209,"Protected",0,152,"fires"
212,"Protected",0,36,"fires"
217,"Protected",0,66,"fires"
218,"Protected",1.39261884326808,36119,"fires"
221,"Protected",5.90277777777778,288,"fires"
225,"Protected",0,4115,"fires"
226,"Protected",0,70,"fires"
230,"Protected",14.2249627897087,4703,"fires"
231,"Protected",0.0366568914956007,2728,"fires"
234,"Protected",0.12845215157351,48267,"fires"
236,"Protected",0,1160,"fires"
237,"Protected",0,17068,"fires"
240,"Protected",0.553633217993078,1445,"fires"
241,"Protected",2.18851181196771,16678,"fires"
246,"Protected",5.18415351284441,6462,"fires"
247,"Protected",0.0125817815802731,39740,"fires"
4,"Control",-26.7338129496403,139,"swu"
7,"Control",-62.0161290322581,62,"swu"
11,"Control",-6.33460350154581,9710,"swu"
14,"Control",-17.6109731072449,9259,"swu"
15,"Control",2,4,"swu"
19,"Control",4.66666666666666,3,"swu"
21,"Control",-24.0588235294118,51,"swu"
27,"Control",1.44919786096256,187,"swu"
29,"Control",-30,4,"swu"
32,"Control",-16.1438406462274,10894,"swu"
36,"Control",-11.1764705882353,17,"swu"
41,"Control",-99.3167701863354,483,"swu"
42,"Control",-2.5337906903612,101744,"swu"
46,"Control",-23.9956140350877,228,"swu"
47,"Control",-47.3,10,"swu"
50,"Control",-22.2246330567964,1567,"swu"
55,"Control",-79.75,8,"swu"
60,"Control",-3.4827725982974,2467,"swu"
65,"Control",-24.85,100,"swu"
67,"Control",-8.25,4,"swu"
69,"Control",-19,1,"swu"
70,"Control",0.297297297297299,370,"swu"
71,"Control",-49.701030927835,97,"swu"
75,"Control",0.077394997640416,2119,"swu"
76,"Control",-32.7926829268293,82,"swu"
80,"Control",0,25,"swu"
81,"Control",-41.25,4,"swu"
91,"Control",-100,1,"swu"
93,"Control",-23.5454545454545,22,"swu"
95,"Control",22.4615384615385,26,"swu"
100,"Control",-55.1111111111111,9,"swu"
102,"Control",-72.3076923076923,65,"swu"
103,"Control",-18.8,10,"swu"
104,"Control",26.4188781664656,3316,"swu"
105,"Control",-17.9285714285714,14,"swu"
108,"Control",-21.4358974358974,117,"swu"
110,"Control",5.46153846153846,13,"swu"
113,"Control",-22.2635782747605,5634,"swu"
114,"Control",-8.23529411764705,17,"swu"
118,"Control",-93.2931034482759,58,"swu"
119,"Control",22.22,50,"swu"
125,"Control",4.8421052631579,19,"swu"
127,"Control",-13.5754716981132,530,"swu"
128,"Control",-77.8693181818182,176,"swu"
129,"Control",-1.81904761904762,105,"swu"
131,"Control",-37.0808856088563,6775,"swu"
138,"Control",-6.93658536585392,1435,"swu"
142,"Control",30.421052631579,19,"swu"
145,"Control",-8.25,16,"swu"
146,"Control",6.95863495346433,967,"swu"
147,"Control",-23.5416666666667,144,"swu"
148,"Control",-60.7898936170213,752,"swu"
150,"Control",34.2142857142857,70,"swu"
155,"Control",-43.9220779220779,77,"swu"
162,"Control",-8.34466019417475,206,"swu"
164,"Control",-1.5,2,"swu"
167,"Control",-5.85714285714286,7,"swu"
169,"Control",-22.6648648648649,185,"swu"
170,"Control",-11.9035812672176,363,"swu"
171,"Control",-3.40397350993377,151,"swu"
173,"Control",-22.4731182795699,93,"swu"
174,"Control",-52.304347826087,23,"swu"
177,"Control",-7.16666666666666,12,"swu"
179,"Control",-46.94921875,256,"swu"
180,"Control",-13.3693939881047,6221,"swu"
192,"Control",-53,1,"swu"
193,"Control",40,2,"swu"
194,"Control",-37.4736842105263,19,"swu"
203,"Control",-5.625,40,"swu"
205,"Control",-14.8846153846154,26,"swu"
206,"Control",-48.75,632,"swu"
207,"Control",-39.9452054794521,73,"swu"
212,"Control",0,2,"swu"
213,"Control",-1.49890350877192,912,"swu"
214,"Control",-2.125,24,"swu"
216,"Control",-18,1,"swu"
217,"Control",-65.6666666666667,3,"swu"
218,"Control",1.42424242424244,165,"swu"
225,"Control",-65.0909090909091,11,"swu"
226,"Control",-100,2,"swu"
230,"Control",-25.8064516129032,62,"swu"
231,"Control",-18.2857142857143,14,"swu"
232,"Control",-89.6,5,"swu"
233,"Control",4.8,5,"swu"
234,"Control",-14.7918136908962,1417,"swu"
236,"Control",52.8918918918919,37,"swu"
237,"Control",18.4023668639054,169,"swu"
240,"Control",-10.8571428571429,14,"swu"
241,"Control",-34.9174311926606,218,"swu"
247,"Control",-34.3684210526316,38,"swu"
4,"Protected",-65.705035971223,139,"swu"
7,"Protected",-61.1129032258064,62,"swu"
11,"Protected",-4.76230690010322,9710,"swu"
14,"Protected",-18.0124203477697,9259,"swu"
15,"Protected",-0.25,4,"swu"
19,"Protected",7.33333333333333,3,"swu"
21,"Protected",7.25490196078432,51,"swu"
27,"Protected",-2.98930481283422,187,"swu"
29,"Protected",-30,4,"swu"
32,"Protected",-10.3945290985862,10894,"swu"
36,"Protected",-12.5882352941176,17,"swu"
41,"Protected",-79.5817805383023,483,"swu"
42,"Protected",-2.63912368296881,101744,"swu"
46,"Protected",-34.1052631578947,228,"swu"
47,"Protected",-8.7,10,"swu"
50,"Protected",-25.148691767709,1567,"swu"
55,"Protected",8.625,8,"swu"
60,"Protected",-1.52087555735713,2467,"swu"
65,"Protected",-9.4,100,"swu"
67,"Protected",23.75,4,"swu"
69,"Protected",-77,1,"swu"
70,"Protected",-0.154054054054051,370,"swu"
71,"Protected",-42.4742268041237,97,"swu"
75,"Protected",-0.0292590844738104,2119,"swu"
76,"Protected",-17.2926829268293,82,"swu"
80,"Protected",0.56,25,"swu"
81,"Protected",29,4,"swu"
91,"Protected",-83,1,"swu"
93,"Protected",-41.1818181818182,22,"swu"
95,"Protected",37.4615384615385,26,"swu"
100,"Protected",-39.7777777777778,9,"swu"
102,"Protected",-46.4769230769231,65,"swu"
103,"Protected",-11.7,10,"swu"
104,"Protected",-23.0627261761156,3316,"swu"
105,"Protected",-23.5714285714286,14,"swu"
108,"Protected",-18.8376068376068,117,"swu"
110,"Protected",3,13,"swu"
113,"Protected",-27.9258075967344,5634,"swu"
114,"Protected",-45.0588235294118,17,"swu"
118,"Protected",-88.7931034482759,58,"swu"
119,"Protected",4.56,50,"swu"
125,"Protected",2.94736842105263,19,"swu"
127,"Protected",-18.8698113207547,530,"swu"
128,"Protected",-70.0568181818182,176,"swu"
129,"Protected",-0.723809523809522,105,"swu"
131,"Protected",-47.7853874538748,6775,"swu"
138,"Protected",3.33937282229958,1435,"swu"
142,"Protected",6.68421052631579,19,"swu"
145,"Protected",-15.4375,16,"swu"
146,"Protected",-44.5377456049638,967,"swu"
147,"Protected",-8.15972222222222,144,"swu"
148,"Protected",-68.1901595744681,752,"swu"
150,"Protected",-5.11428571428571,70,"swu"
155,"Protected",-42.1948051948052,77,"swu"
162,"Protected",-13.8155339805825,206,"swu"
164,"Protected",9,2,"swu"
167,"Protected",-25.4285714285714,7,"swu"
169,"Protected",-9.79459459459459,185,"swu"
170,"Protected",-13.1432506887052,363,"swu"
171,"Protected",-5.53642384105959,151,"swu"
173,"Protected",2.82795698924731,93,"swu"
174,"Protected",-69.5217391304348,23,"swu"
177,"Protected",19,12,"swu"
179,"Protected",8.2265625,256,"swu"
180,"Protected",-13.3984889889086,6221,"swu"
192,"Protected",-100,1,"swu"
193,"Protected",41,2,"swu"
194,"Protected",-21.8947368421053,19,"swu"
203,"Protected",3.9,40,"swu"
205,"Protected",-11.6923076923077,26,"swu"
206,"Protected",-23.9129746835443,632,"swu"
207,"Protected",-30.6027397260274,73,"swu"
212,"Protected",-4,2,"swu"
213,"Protected",-0.44517543859649,912,"swu"
214,"Protected",3.83333333333333,24,"swu"
216,"Protected",16,1,"swu"
217,"Protected",4,3,"swu"
218,"Protected",3.95151515151515,165,"swu"
225,"Protected",-41,11,"swu"
226,"Protected",-100,2,"swu"
230,"Protected",-5.54838709677419,62,"swu"
231,"Protected",12.4285714285714,14,"swu"
232,"Protected",-100,5,"swu"
233,"Protected",17.4,5,"swu"
234,"Protected",-15.560338743825,1417,"swu"
236,"Protected",0.540540540540541,37,"swu"
237,"Protected",31.8520710059173,169,"swu"
240,"Protected",56.5714285714286,14,"swu"
241,"Protected",-17.1009174311927,218,"swu"
247,"Protected",-46.6842105263158,38,"swu"
4,"Control",0.0099555319572588,30134,"dams"
7,"Control",0,66096,"dams"
11,"Control",0.00190153834452156,52589,"dams"
14,"Control",0.00173325578616161,1038508,"dams"
15,"Control",0.211176088369083,6156,"dams"
16,"Control",0,590,"dams"
19,"Control",0,361,"dams"
21,"Control",0,3775,"dams"
24,"Control",0,39,"dams"
27,"Control",0,23851,"dams"
29,"Control",0.258732212160414,773,"dams"
32,"Control",0.00205448981091515,1265521,"dams"
36,"Control",0.0522819534998222,32516,"dams"
41,"Control",0,23679,"dams"
42,"Control",0.00839898125305306,404811,"dams"
46,"Control",0,26698,"dams"
47,"Control",0,239,"dams"
50,"Control",0.00335345405768204,59640,"dams"
54,"Control",0,1019,"dams"
55,"Control",0,12319,"dams"
60,"Control",0,110479,"dams"
65,"Control",0,19139,"dams"
67,"Control",0,926,"dams"
69,"Control",0,1,"dams"
70,"Control",0,2962,"dams"
71,"Control",0.00675328885167158,74038,"dams"
75,"Control",0.0113417262107285,8817,"dams"
76,"Control",0.0251082794551582,63724,"dams"
80,"Control",0,40475,"dams"
91,"Control",0,2422,"dams"
93,"Control",0,34232,"dams"
95,"Control",0,13354,"dams"
98,"Control",0,2524,"dams"
100,"Control",0,755,"dams"
102,"Control",0,3727,"dams"
103,"Control",0,18584,"dams"
104,"Control",0,6478,"dams"
105,"Control",0,2828,"dams"
108,"Control",0.040754325515913,26991,"dams"
110,"Control",0.0877316114542256,28496,"dams"
112,"Control",0,3478,"dams"
113,"Control",0.000960568656643919,208210,"dams"
114,"Control",0,10839,"dams"
118,"Control",0,15436,"dams"
119,"Control",0,1996,"dams"
122,"Control",0,1081,"dams"
123,"Control",0,149,"dams"
125,"Control",0.0526038926880592,1901,"dams"
127,"Control",0,50328,"dams"
128,"Control",0,874,"dams"
129,"Control",0,25592,"dams"
131,"Control",0,53085,"dams"
138,"Control",0.101600612829096,124015,"dams"
142,"Control",0,68683,"dams"
145,"Control",0,4853,"dams"
146,"Control",0,50392,"dams"
147,"Control",0,32613,"dams"
148,"Control",0.00146176747177517,205231,"dams"
150,"Control",0,6591,"dams"
155,"Control",0,157003,"dams"
159,"Control",0,9,"dams"
160,"Control",0,217,"dams"
162,"Control",0.0332170735758171,6021,"dams"
164,"Control",0,2936,"dams"
167,"Control",0,3256,"dams"
169,"Control",0,6708,"dams"
170,"Control",0.0020755931007273,144537,"dams"
171,"Control",0,15585,"dams"
173,"Control",0.00343689854275589,29096,"dams"
174,"Control",0.0590249085113936,8471,"dams"
177,"Control",0,94807,"dams"
179,"Control",0.0479688202668242,33355,"dams"
180,"Control",0.00110627423431692,361574,"dams"
181,"Control",0,107,"dams"
192,"Control",0,145432,"dams"
193,"Control",0,1207,"dams"
194,"Control",0,831,"dams"
203,"Control",0.0697836706210803,25794,"dams"
205,"Control",0.04452359750668,8984,"dams"
207,"Control",0.059650771844807,55322,"dams"
209,"Control",0,152,"dams"
212,"Control",0,36,"dams"
213,"Control",0.0305841574064653,9809,"dams"
214,"Control",0,408,"dams"
216,"Control",0,103,"dams"
217,"Control",0,66,"dams"
218,"Control",0,36119,"dams"
221,"Control",0,288,"dams"
225,"Control",0.0243013365735114,4115,"dams"
226,"Control",0,70,"dams"
230,"Control",0,4703,"dams"
231,"Control",0,2728,"dams"
233,"Control",0,6948,"dams"
234,"Control",0.0435079868232997,48267,"dams"
236,"Control",0,1160,"dams"
237,"Control",0,17068,"dams"
240,"Control",0,1445,"dams"
241,"Control",0.0239836910900631,16678,"dams"
245,"Control",0,693,"dams"
246,"Control",0,6462,"dams"
247,"Control",0.342224458983304,39740,"dams"
4,"Protected",0.00663702130483698,30134,"dams"
7,"Protected",0,66096,"dams"
11,"Protected",0.0019015383445193,52589,"dams"
14,"Protected",0.00288875964366661,1038508,"dams"
15,"Protected",0.0324886289798561,6156,"dams"
16,"Protected",0,590,"dams"
19,"Protected",0,361,"dams"
21,"Protected",0,3775,"dams"
24,"Protected",0,39,"dams"
27,"Protected",0,23851,"dams"
29,"Protected",0.129366106080206,773,"dams"
32,"Protected",0.00158037677764166,1265521,"dams"
36,"Protected",0.0861114528232131,32516,"dams"
41,"Protected",0.00422315131551098,23679,"dams"
42,"Protected",0.00098811544152907,404811,"dams"
46,"Protected",0,26698,"dams"
47,"Protected",0,239,"dams"
50,"Protected",0.0217974513749053,59640,"dams"
54,"Protected",0,1019,"dams"
55,"Protected",0.0487052520496787,12319,"dams"
60,"Protected",0,110479,"dams"
65,"Protected",0.0156748001462992,19139,"dams"
67,"Protected",0.431965442764579,926,"dams"
69,"Protected",0,1,"dams"
70,"Protected",0,2962,"dams"
71,"Protected",0.00135065777033599,74038,"dams"
75,"Protected",0,8817,"dams"
76,"Protected",0.0910175130249297,63724,"dams"
80,"Protected",0.00247066090179039,40475,"dams"
91,"Protected",0,2422,"dams"
93,"Protected",0,34232,"dams"
95,"Protected",0,13354,"dams"
98,"Protected",0,2524,"dams"
100,"Protected",0,755,"dams"
102,"Protected",0,3727,"dams"
103,"Protected",0,18584,"dams"
104,"Protected",0,6478,"dams"
105,"Protected",0,2828,"dams"
108,"Protected",0.177837056796702,26991,"dams"
110,"Protected",0.294778214486255,28496,"dams"
112,"Protected",0,3478,"dams"
113,"Protected",0.00096056865664204,208210,"dams"
114,"Protected",0,10839,"dams"
118,"Protected",0.00647836227001837,15436,"dams"
119,"Protected",0,1996,"dams"
122,"Protected",0,1081,"dams"
123,"Protected",0,149,"dams"
125,"Protected",0,1901,"dams"
127,"Protected",0.0119217930376651,50328,"dams"
128,"Protected",0,874,"dams"
129,"Protected",0.0117224132541394,25592,"dams"
131,"Protected",0,53085,"dams"
138,"Protected",0.0338668709430147,124015,"dams"
142,"Protected",0,68683,"dams"
145,"Protected",0.0412116216773117,4853,"dams"
146,"Protected",0.00198444197491603,50392,"dams"
147,"Protected",0,32613,"dams"
148,"Protected",0.0038980465914024,205231,"dams"
150,"Protected",0.0303444090426361,6591,"dams"
155,"Protected",0.00191079151353224,157003,"dams"
159,"Protected",0,9,"dams"
160,"Protected",0.460829493087557,217,"dams"
162,"Protected",0,6021,"dams"
164,"Protected",0,2936,"dams"
167,"Protected",0,3256,"dams"
169,"Protected",0,6708,"dams"
170,"Protected",0.000691864366908825,144537,"dams"
171,"Protected",0.00641642605068872,15585,"dams"
173,"Protected",0.0103106956282602,29096,"dams"
174,"Protected",0.129854798725061,8471,"dams"
177,"Protected",0,94807,"dams"
179,"Protected",0.125918153200384,33355,"dams"
180,"Protected",0.000553137117158685,361574,"dams"
181,"Protected",0,107,"dams"
192,"Protected",0,145432,"dams"
193,"Protected",0,1207,"dams"
194,"Protected",0.120336943441636,831,"dams"
203,"Protected",0.0503993176707724,25794,"dams"
205,"Protected",0.189225289403376,8984,"dams"
207,"Protected",0.139185134304608,55322,"dams"
209,"Protected",0,152,"dams"
212,"Protected",5.55555555555556,36,"dams"
213,"Protected",0,9809,"dams"
214,"Protected",0,408,"dams"
216,"Protected",0,103,"dams"
217,"Protected",0,66,"dams"
218,"Protected",0,36119,"dams"
221,"Protected",0,288,"dams"
225,"Protected",0.0243013365735116,4115,"dams"
226,"Protected",0,70,"dams"
230,"Protected",0,4703,"dams"
231,"Protected",0.109970674486804,2728,"dams"
233,"Protected",0.0719631548647127,6948,"dams"
234,"Protected",0.0580106490977182,48267,"dams"
236,"Protected",0,1160,"dams"
237,"Protected",0,17068,"dams"
240,"Protected",0,1445,"dams"
241,"Protected",0.0239836910900607,16678,"dams"
245,"Protected",0,693,"dams"
246,"Protected",0,6462,"dams"
247,"Protected",0.0528434826371408,39740,"dams"
4,"Control",7.65835932833372,30134,"light"
7,"Control",1.01388888888902,66096,"light"
11,"Control",3.5559907965536,52589,"light"
14,"Control",0.779239062193715,1038508,"light"
15,"Control",5.25276153346329,6156,"light"
16,"Control",6.13559322033898,590,"light"
19,"Control",6.0415512465374,361,"light"
21,"Control",0.972450331125819,3775,"light"
24,"Control",5.76923076923077,39,"light"
27,"Control",1.55150727432804,23851,"light"
29,"Control",7.97671410090556,773,"light"
32,"Control",1.3206031349955,1265521,"light"
36,"Control",8.02143560093489,32516,"light"
41,"Control",1.041133493813,23679,"light"
42,"Control",0.768435146276348,404811,"light"
45,"Control",2.54971640236141,8639,"light"
46,"Control",1.06959322795726,26698,"light"
47,"Control",1.61924686192469,239,"light"
50,"Control",3.48812877263613,59640,"light"
54,"Control",6.2737978410207,1019,"light"
55,"Control",8.24141569932619,12319,"light"
60,"Control",1.33605481584774,110479,"light"
62,"Control",0.660098522167488,203,"light"
65,"Control",6.33690370447783,19139,"light"
67,"Control",9.30885529157668,926,"light"
69,"Control",11,1,"light"
70,"Control",5.80519918973663,2962,"light"
71,"Control",1.47668764688326,74038,"light"
75,"Control",2.52852444142005,8817,"light"
76,"Control",8.44548364823322,63724,"light"
80,"Control",2.17583693638009,40475,"light"
81,"Control",3.41666666666667,24,"light"
91,"Control",5.27043765483073,2422,"light"
93,"Control",6.54130637999539,34232,"light"
95,"Control",0.308671559083401,13354,"light"
98,"Control",5.29952456418383,2524,"light"
100,"Control",6.27682119205301,755,"light"
102,"Control",4.12422860209279,3727,"light"
103,"Control",1.98993758071466,18584,"light"
104,"Control",29.4958320469283,6478,"light"
105,"Control",2.53323903818953,2828,"light"
108,"Control",13.3863510058909,26991,"light"
110,"Control",8.9256737787756,28496,"light"
112,"Control",1.68056354226569,3478,"light"
113,"Control",1.23491186782644,208210,"light"
114,"Control",1.175385183135,10839,"light"
118,"Control",1.85093288416708,15436,"light"
119,"Control",2.20240480961925,1996,"light"
120,"Control",21.5391304347826,460,"light"
122,"Control",0.512488436632752,1081,"light"
123,"Control",0,149,"light"
125,"Control",2.24408206207259,1901,"light"
127,"Control",1.18480766173908,50328,"light"
128,"Control",4.50572082379862,874,"light"
129,"Control",3.73128321350416,25592,"light"
131,"Control",1.78890458698397,53085,"light"
138,"Control",4.2708785227573,124015,"light"
142,"Control",0.0801362782639032,68683,"light"
145,"Control",4.41211621677318,4853,"light"
146,"Control",1.95374265756469,50392,"light"
147,"Control",1.04323429307357,32613,"light"
148,"Control",1.59156755071114,205231,"light"
150,"Control",5.34744348353815,6591,"light"
155,"Control",0.337566798086587,157003,"light"
159,"Control",2.77777777777778,9,"light"
160,"Control",7.76497695852534,217,"light"
162,"Control",2.65271549576482,6021,"light"
164,"Control",3.14237057220711,2936,"light"
167,"Control",2.10749385749385,3256,"light"
169,"Control",3.2175014907574,6708,"light"
170,"Control",0.7150902537065,144537,"light"
171,"Control",2.80179659929433,15585,"light"
173,"Control",7.76986527357757,29096,"light"
174,"Control",11.0628025026561,8471,"light"
177,"Control",2.00592783233426,94807,"light"
179,"Control",4.92789686703623,33355,"light"
180,"Control",0.827147416573053,361574,"light"
181,"Control",2.51401869158879,107,"light"
192,"Control",7.34960668903701,145432,"light"
193,"Control",2.83098591549296,1207,"light"
194,"Control",9.280385078219,831,"light"
203,"Control",2.45646274327354,25794,"light"
205,"Control",16.7274042742654,8984,"light"
206,"Control",2.1671464084783,15286,"light"
207,"Control",8.95735873612686,55322,"light"
209,"Control",0,152,"light"
212,"Control",7.05555555555556,36,"light"
213,"Control",3.21969619736994,9809,"light"
214,"Control",7.37254901960784,408,"light"
216,"Control",17.4660194174757,103,"light"
217,"Control",4.59090909090909,66,"light"
218,"Control",1.92771117694304,36119,"light"
221,"Control",4.62847222222222,288,"light"
225,"Control",4.83766707168897,4115,"light"
226,"Control",8.65714285714286,70,"light"
230,"Control",4.29364235594299,4703,"light"
231,"Control",2.94794721407622,2728,"light"
232,"Control",11.6478873239439,12993,"light"
233,"Control",4.31318364997133,6948,"light"
234,"Control",4.30840947231124,48267,"light"
236,"Control",1.96293103448276,1160,"light"
237,"Control",2.40871806890086,17068,"light"
240,"Control",5.09619377162629,1445,"light"
241,"Control",4.15685333972872,16678,"light"
245,"Control",1.76190476190476,693,"light"
246,"Control",2.0233673785206,6462,"light"
247,"Control",1.1337695017614,39740,"light"
4,"Protected",6.73893276697459,30134,"light"
7,"Protected",1.23697349310102,66096,"light"
11,"Protected",3.64030500675015,52589,"light"
14,"Protected",1.13552519576175,1038508,"light"
15,"Protected",4.23781676413253,6156,"light"
16,"Protected",7.07118644067797,590,"light"
19,"Protected",6.50969529085872,361,"light"
21,"Protected",0.753112582781459,3775,"light"
24,"Protected",3.1025641025641,39,"light"
27,"Protected",1.50509412603248,23851,"light"
29,"Protected",8.25226390685641,773,"light"
32,"Protected",0.910833561823254,1265521,"light"
36,"Protected",7.58435846967632,32516,"light"
41,"Protected",1.57536213522529,23679,"light"
42,"Protected",0.582548399127757,404811,"light"
45,"Protected",2.48859821738623,8639,"light"
46,"Protected",1.00644243014423,26698,"light"
47,"Protected",1.12133891213389,239,"light"
50,"Protected",3.11016096579443,59640,"light"
54,"Protected",6.47791952895002,1019,"light"
55,"Protected",7.87385339719102,12319,"light"
60,"Protected",1.92641135419403,110479,"light"
62,"Protected",0.206896551724138,203,"light"
65,"Protected",6.59506766288733,19139,"light"
67,"Protected",8.46544276457883,926,"light"
69,"Protected",7,1,"light"
70,"Protected",2.22214719783931,2962,"light"
71,"Protected",1.45873740511526,74038,"light"
75,"Protected",2.0570488828401,8817,"light"
76,"Protected",7.82700395455473,63724,"light"
80,"Protected",2.06739962940057,40475,"light"
81,"Protected",2.5,24,"light"
91,"Protected",3.60033030553258,2422,"light"
93,"Protected",6.6992580042066,34232,"light"
95,"Protected",0.15351205631272,13354,"light"
98,"Protected",5.48613312202851,2524,"light"
100,"Protected",3.34172185430463,755,"light"
102,"Protected",1.35256238261339,3727,"light"
103,"Protected",1.98407232027552,18584,"light"
104,"Protected",16.3416177832668,6478,"light"
105,"Protected",1.13012729844414,2828,"light"
108,"Protected",12.021933237006,26991,"light"
110,"Protected",9.02200308815251,28496,"light"
112,"Protected",1.35853939045427,3478,"light"
113,"Protected",0.827064021901029,208210,"light"
114,"Protected",0.589630039671556,10839,"light"
118,"Protected",1.31880020730763,15436,"light"
119,"Protected",1.36122244488977,1996,"light"
120,"Protected",17.4260869565217,460,"light"
122,"Protected",0.757631822386679,1081,"light"
123,"Protected",0,149,"light"
125,"Protected",1.74276696475539,1901,"light"
127,"Protected",0.861786679383358,50328,"light"
128,"Protected",3.85583524027461,874,"light"
129,"Protected",2.93494060643961,25592,"light"
131,"Protected",1.87207309032675,53085,"light"
138,"Protected",4.31541345804965,124015,"light"
142,"Protected",0.0137297438958729,68683,"light"
145,"Protected",4.75643931588702,4853,"light"
146,"Protected",1.36378790284167,50392,"light"
147,"Protected",1.03486339803122,32613,"light"
148,"Protected",0.461402029907385,205231,"light"
150,"Protected",5.06433014717034,6591,"light"
155,"Protected",0.108590281714489,157003,"light"
159,"Protected",12.5555555555556,9,"light"
160,"Protected",6.42396313364055,217,"light"
162,"Protected",1.241654210264,6021,"light"
164,"Protected",2.74216621253412,2936,"light"
167,"Protected",2.03808353808353,3256,"light"
169,"Protected",2.87492546213493,6708,"light"
170,"Protected",0.371641863329269,144537,"light"
171,"Protected",2.55912736605699,15585,"light"
173,"Protected",6.46339703051962,29096,"light"
174,"Protected",10.819147680321,8471,"light"
177,"Protected",3.26350374972246,94807,"light"
179,"Protected",3.70763004047403,33355,"light"
180,"Protected",0.897091605037646,361574,"light"
181,"Protected",2.48598130841122,107,"light"
192,"Protected",2.52284229055782,145432,"light"
193,"Protected",2.68765534382766,1207,"light"
194,"Protected",9.23225030084237,831,"light"
203,"Protected",1.67946033961392,25794,"light"
205,"Protected",16.9667186108639,8984,"light"
206,"Protected",2.69632343320687,15286,"light"
207,"Protected",7.59374209175348,55322,"light"
209,"Protected",0.0394736842105263,152,"light"
212,"Protected",7.86111111111111,36,"light"
213,"Protected",2.96411458864287,9809,"light"
214,"Protected",8.5343137254902,408,"light"
216,"Protected",12.8543689320388,103,"light"
217,"Protected",2.04545454545454,66,"light"
218,"Protected",2.38686010133181,36119,"light"
221,"Protected",5.19097222222222,288,"light"
225,"Protected",2.9859052247873,4115,"light"
226,"Protected",7.74285714285714,70,"light"
230,"Protected",2.32085902615352,4703,"light"
231,"Protected",3.67558651026394,2728,"light"
232,"Protected",8.07288539983116,12993,"light"
233,"Protected",3.80411629245825,6948,"light"
234,"Protected",3.80359251662655,48267,"light"
236,"Protected",1.72155172413793,1160,"light"
237,"Protected",1.00960862432622,17068,"light"
240,"Protected",2.94671280276817,1445,"light"
241,"Protected",3.54964624055634,16678,"light"
245,"Protected",2.51803751803752,693,"light"
246,"Protected",1.69699783348806,6462,"light"
247,"Protected",1.14650226472061,39740,"light"
4,"Control",0.0628398058252374,206,"def0120_parea"
7,"Control",0.0520514877789749,1882,"def0120_parea"
11,"Control",0.0766158392152148,8359,"def0120_parea"
14,"Control",0.227481053031992,55212,"def0120_parea"
15,"Control",0.0582697741470463,4162,"def0120_parea"
16,"Control",0.00164402985074662,402,"def0120_parea"
19,"Control",0.148196860986539,223,"def0120_parea"
21,"Control",0.0628167324777905,2026,"def0120_parea"
27,"Control",0.0522449423886407,18052,"def0120_parea"
29,"Control",0.0153583952451588,673,"def0120_parea"
32,"Control",0.121253096023315,1190850,"def0120_parea"
36,"Control",0.0229690511540008,22227,"def0120_parea"
41,"Control",0.0130962356930914,11795,"def0120_parea"
42,"Control",0.0844881854037925,106233,"def0120_parea"
45,"Control",0.0279000000001048,2,"def0120_parea"
46,"Control",0.0117470007657667,11753,"def0120_parea"
47,"Control",0.00665370370373205,54,"def0120_parea"
50,"Control",0.0385634766116432,51671,"def0120_parea"
54,"Control",0.334112499999696,24,"def0120_parea"
55,"Control",0.0298727004063567,8121,"def0120_parea"
60,"Control",0.0453772806744515,83506,"def0120_parea"
65,"Control",0.0254218443728196,15203,"def0120_parea"
67,"Control",0.0507626033057933,484,"def0120_parea"
70,"Control",0.123526729348542,1489,"def0120_parea"
71,"Control",0.0367563492063657,378,"def0120_parea"
75,"Control",0.177171585051573,1552,"def0120_parea"
76,"Control",0.0358538217519078,43187,"def0120_parea"
80,"Control",0.0137671272131795,39084,"def0120_parea"
91,"Control",0.243857241082915,2327,"def0120_parea"
95,"Control",0.00559525563909817,13300,"def0120_parea"
98,"Control",0.165807169344867,2427,"def0120_parea"
102,"Control",0.0684567040265059,2409,"def0120_parea"
104,"Control",0.0188999999997905,5,"def0120_parea"
105,"Control",0.119743001841584,1086,"def0120_parea"
108,"Control",0.0273457458363494,16572,"def0120_parea"
110,"Control",0.0198805051035741,26648,"def0120_parea"
113,"Control",0.00297620886760352,6473,"def0120_parea"
114,"Control",0.113613793103408,29,"def0120_parea"
118,"Control",0.186655123299313,14112,"def0120_parea"
119,"Control",0.131336382681558,1432,"def0120_parea"
120,"Control",0.0570750000000284,12,"def0120_parea"
122,"Control",0.0618059595959695,990,"def0120_parea"
125,"Control",0.0906672465960578,1322,"def0120_parea"
127,"Control",0.251876835461728,20281,"def0120_parea"
129,"Control",0.207948624141289,25475,"def0120_parea"
138,"Control",0.0377141247272696,41707,"def0120_parea"
142,"Control",0.038723040380061,421,"def0120_parea"
145,"Control",0.0238971088435444,1176,"def0120_parea"
146,"Control",0.152234920635061,504,"def0120_parea"
147,"Control",0.0474328762672198,30776,"def0120_parea"
148,"Control",0.0300000000000349,1,"def0120_parea"
150,"Control",0.00673913043478893,1403,"def0120_parea"
159,"Control",0.00198,5,"def0120_parea"
160,"Control",0.0398931972789175,147,"def0120_parea"
162,"Control",0.050264446107774,1336,"def0120_parea"
164,"Control",0.000417391304346308,23,"def0120_parea"
167,"Control",0.105249585253468,3255,"def0120_parea"
169,"Control",0.177637322175729,3585,"def0120_parea"
170,"Control",0.032792631233012,130836,"def0120_parea"
171,"Control",0.0524998981877315,14733,"def0120_parea"
173,"Control",0.0603317351598236,13578,"def0120_parea"
174,"Control",0.346947957920776,3232,"def0120_parea"
177,"Control",0.0172894926367817,74424,"def0120_parea"
179,"Control",0.0362371311438457,22197,"def0120_parea"
180,"Control",0.0425396915867153,63162,"def0120_parea"
181,"Control",0.236876923077018,26,"def0120_parea"
194,"Control",0.0139085324232092,586,"def0120_parea"
203,"Control",0.304816210526373,475,"def0120_parea"
205,"Control",0.0448580020650362,3874,"def0120_parea"
206,"Control",0.0523125000003602,8,"def0120_parea"
207,"Control",0.0784457844292859,19511,"def0120_parea"
212,"Control",0.434000000001103,2,"def0120_parea"
213,"Control",0.156296282372613,2394,"def0120_parea"
214,"Control",0.0135304878048967,164,"def0120_parea"
216,"Control",0.0147633663366204,101,"def0120_parea"
218,"Control",0.128179851909571,2566,"def0120_parea"
225,"Control",0.172681124497923,249,"def0120_parea"
226,"Control",0.0747428571426975,7,"def0120_parea"
230,"Control",0.156808988763925,89,"def0120_parea"
231,"Control",0.0618757651467864,1601,"def0120_parea"
233,"Control",0.079402962962945,1755,"def0120_parea"
234,"Control",0.129311895096678,18722,"def0120_parea"
236,"Control",0.0561882447665069,621,"def0120_parea"
237,"Control",0.00526666666666279,9,"def0120_parea"
240,"Control",0.0746021699818754,1106,"def0120_parea"
241,"Control",0.112157083305311,14873,"def0120_parea"
247,"Control",0.39473829787286,47,"def0120_parea"
4,"Protected",0.0632446601941723,206,"def0120_parea"
7,"Protected",0.030086609989368,1882,"def0120_parea"
11,"Protected",0.0534595047254447,8359,"def0120_parea"
14,"Protected",0.169512336086343,55212,"def0120_parea"
15,"Protected",0.0611987506006724,4162,"def0120_parea"
16,"Protected",0.00533880597015164,402,"def0120_parea"
19,"Protected",0.128669955156947,223,"def0120_parea"
21,"Protected",0.0492879072063149,2026,"def0120_parea"
27,"Protected",0.0403258087746515,18052,"def0120_parea"
29,"Protected",0.00838038632986614,673,"def0120_parea"
32,"Protected",0.0243383461396313,1190850,"def0120_parea"
36,"Protected",0.0174620101678148,22227,"def0120_parea"
41,"Protected",0.0051230860534126,11795,"def0120_parea"
42,"Protected",0.0599180838345927,106233,"def0120_parea"
45,"Protected",0.222000000000698,2,"def0120_parea"
46,"Protected",0.0134555772994145,11753,"def0120_parea"
47,"Protected",0.0169870370370003,54,"def0120_parea"
50,"Protected",0.0274578854676639,51671,"def0120_parea"
54,"Protected",0.333662500000204,24,"def0120_parea"
55,"Protected",0.030009481590935,8121,"def0120_parea"
60,"Protected",0.0514609644815948,83506,"def0120_parea"
65,"Protected",0.00757309083733431,15203,"def0120_parea"
67,"Protected",0.0432657024793454,484,"def0120_parea"
70,"Protected",0.0882196776360063,1489,"def0120_parea"
71,"Protected",0.0495095238095247,378,"def0120_parea"
75,"Protected",0.099919201030925,1552,"def0120_parea"
76,"Protected",0.0384353509157826,43187,"def0120_parea"
80,"Protected",0.0138822254631058,39084,"def0120_parea"
91,"Protected",0.173410485603788,2327,"def0120_parea"
95,"Protected",0.00226009022556391,13300,"def0120_parea"
98,"Protected",0.170565966213433,2427,"def0120_parea"
102,"Protected",0.0112956828559615,2409,"def0120_parea"
104,"Protected",0.00324,5,"def0120_parea"
105,"Protected",0.178244014732964,1086,"def0120_parea"
108,"Protected",0.0268906649770689,16572,"def0120_parea"
110,"Protected",0.0115569573701594,26648,"def0120_parea"
113,"Protected",0.0029878881507803,6473,"def0120_parea"
114,"Protected",0.098282758620796,29,"def0120_parea"
118,"Protected",0.099422406462581,14112,"def0120_parea"
119,"Protected",0.0737519553072617,1432,"def0120_parea"
120,"Protected",0.0742999999998879,12,"def0120_parea"
122,"Protected",0.015619191919192,990,"def0120_parea"
125,"Protected",0.148296520423599,1322,"def0120_parea"
127,"Protected",0.161296706276797,20281,"def0120_parea"
129,"Protected",0.0619524121687905,25475,"def0120_parea"
138,"Protected",0.0221763373054859,41707,"def0120_parea"
142,"Protected",0.130244180522426,421,"def0120_parea"
145,"Protected",0.027453571428573,1176,"def0120_parea"
146,"Protected",0.12908650793652,504,"def0120_parea"
147,"Protected",0.0238154113595041,30776,"def0120_parea"
148,"Protected",0.0294999999999709,1,"def0120_parea"
150,"Protected",0.00683449750534306,1403,"def0120_parea"
159,"Protected",0.00461999999996682,5,"def0120_parea"
160,"Protected",0.0201006802721075,147,"def0120_parea"
162,"Protected",0.0198089071856293,1336,"def0120_parea"
164,"Protected",0,23,"def0120_parea"
167,"Protected",0.0862276190476216,3255,"def0120_parea"
169,"Protected",0.117057629009761,3585,"def0120_parea"
170,"Protected",0.00450162569934913,130836,"def0120_parea"
171,"Protected",0.0466719066042249,14733,"def0120_parea"
173,"Protected",0.0895288555015438,13578,"def0120_parea"
174,"Protected",0.304060272277223,3232,"def0120_parea"
177,"Protected",0.0166208158658486,74424,"def0120_parea"
179,"Protected",0.0389178988151576,22197,"def0120_parea"
180,"Protected",0.0319466087204351,63162,"def0120_parea"
181,"Protected",0.108726923077031,26,"def0120_parea"
194,"Protected",0.0333486348122799,586,"def0120_parea"
203,"Protected",0.213130947368465,475,"def0120_parea"
205,"Protected",0.0234205472379933,3874,"def0120_parea"
206,"Protected",0.0484499999999498,8,"def0120_parea"
207,"Protected",0.0700241658551612,19511,"def0120_parea"
212,"Protected",0.01305,2,"def0120_parea"
213,"Protected",0.125178780284019,2394,"def0120_parea"
214,"Protected",0.00930243902438024,164,"def0120_parea"
216,"Protected",0.00901485148514299,101,"def0120_parea"
218,"Protected",0.0519969602494167,2566,"def0120_parea"
225,"Protected",0.0565682730923415,249,"def0120_parea"
226,"Protected",0.0198428571429669,7,"def0120_parea"
230,"Protected",0.0785505617977921,89,"def0120_parea"
231,"Protected",0.052093379138038,1601,"def0120_parea"
233,"Protected",0.0884123076923009,1755,"def0120_parea"
234,"Protected",0.115680124986648,18722,"def0120_parea"
236,"Protected",0.0114856682769723,621,"def0120_parea"
237,"Protected",0.0220333333333489,9,"def0120_parea"
240,"Protected",0.0197607594936714,1106,"def0120_parea"
241,"Protected",0.0419321320513669,14873,"def0120_parea"
247,"Protected",0.352885106383046,47,"def0120_parea"
4,"Control",0.767173292626269,30134,"any_threat"
7,"Control",0.185790365528928,66096,"any_threat"
11,"Control",0.622544638612638,52589,"any_threat"
14,"Control",0.213080688834366,1038508,"any_threat"
15,"Control",0.886127355425601,6156,"any_threat"
16,"Control",0.893220338983051,590,"any_threat"
19,"Control",0.983379501385042,361,"any_threat"
21,"Control",0.962384105960265,3775,"any_threat"
24,"Control",1,39,"any_threat"
27,"Control",0.837700725336464,23851,"any_threat"
29,"Control",0.940491591203105,773,"any_threat"
32,"Control",0.454806360384379,1265521,"any_threat"
36,"Control",0.976995940460081,32516,"any_threat"
41,"Control",0.674395033574053,23679,"any_threat"
42,"Control",0.295994921086631,404811,"any_threat"
45,"Control",0.998958212756106,8639,"any_threat"
46,"Control",0.205858116712862,26698,"any_threat"
47,"Control",0.552301255230126,239,"any_threat"
50,"Control",0.646596244131455,59640,"any_threat"
54,"Control",0.998037291462218,1019,"any_threat"
55,"Control",0.973455637632925,12319,"any_threat"
60,"Control",0.482987717122711,110479,"any_threat"
62,"Control",1,203,"any_threat"
65,"Control",0.852291133288051,19139,"any_threat"
67,"Control",1,926,"any_threat"
69,"Control",1,1,"any_threat"
70,"Control",0.864280891289669,2962,"any_threat"
71,"Control",0.666630649126124,74038,"any_threat"
75,"Control",0.677101054780538,8817,"any_threat"
76,"Control",0.996045445985814,63724,"any_threat"
80,"Control",0.44046942557134,40475,"any_threat"
81,"Control",1,24,"any_threat"
91,"Control",0.991329479768786,2422,"any_threat"
93,"Control",0.999970787567189,34232,"any_threat"
95,"Control",0.112924966302232,13354,"any_threat"
98,"Control",0.997226624405705,2524,"any_threat"
100,"Control",0.449006622516556,755,"any_threat"
102,"Control",0.735175744566676,3727,"any_threat"
103,"Control",0.174451140766251,18584,"any_threat"
104,"Control",0.987187403519605,6478,"any_threat"
105,"Control",0.994342291371994,2828,"any_threat"
108,"Control",0.958801081842096,26991,"any_threat"
110,"Control",0.940342504211117,28496,"any_threat"
112,"Control",0.137435307648074,3478,"any_threat"
113,"Control",0.242250612362519,208210,"any_threat"
114,"Control",0.749238859673402,10839,"any_threat"
118,"Control",0.843094065820161,15436,"any_threat"
119,"Control",0.99248496993988,1996,"any_threat"
120,"Control",1,460,"any_threat"
122,"Control",0.524514338575393,1081,"any_threat"
123,"Control",0.0134228187919463,149,"any_threat"
125,"Control",0.998421883219358,1901,"any_threat"
127,"Control",0.969877602924813,50328,"any_threat"
128,"Control",1,874,"any_threat"
129,"Control",0.778758987183495,25592,"any_threat"
131,"Control",0.860280681925214,53085,"any_threat"
138,"Control",0.70514050719671,124015,"any_threat"
142,"Control",0.117481764046416,68683,"any_threat"
145,"Control",0.419122192458273,4853,"any_threat"
146,"Control",0.649011747896492,50392,"any_threat"
147,"Control",0.551743169901573,32613,"any_threat"
148,"Control",0.285093382578655,205231,"any_threat"
150,"Control",0.973448642087695,6591,"any_threat"
155,"Control",0.197862461226856,157003,"any_threat"
159,"Control",0.777777777777778,9,"any_threat"
160,"Control",0.972350230414747,217,"any_threat"
162,"Control",0.442617505397774,6021,"any_threat"
164,"Control",0.493869209809264,2936,"any_threat"
167,"Control",0.78531941031941,3256,"any_threat"
169,"Control",0.957811568276685,6708,"any_threat"
170,"Control",0.28580225132665,144537,"any_threat"
171,"Control",0.856977863330125,15585,"any_threat"
173,"Control",0.999793786087435,29096,"any_threat"
174,"Control",1,8471,"any_threat"
177,"Control",0.396331494509899,94807,"any_threat"
179,"Control",0.935481936741118,33355,"any_threat"
180,"Control",0.318526774602156,361574,"any_threat"
181,"Control",1,107,"any_threat"
192,"Control",0.492993288959789,145432,"any_threat"
193,"Control",0.986743993371997,1207,"any_threat"
194,"Control",0.980746089049338,831,"any_threat"
203,"Control",0.658021245250833,25794,"any_threat"
205,"Control",0.998552983081033,8984,"any_threat"
206,"Control",0.972785555410179,15286,"any_threat"
207,"Control",0.990727016376848,55322,"any_threat"
209,"Control",0.0394736842105263,152,"any_threat"
212,"Control",1,36,"any_threat"
213,"Control",0.668773575288001,9809,"any_threat"
214,"Control",0.688725490196078,408,"any_threat"
216,"Control",0.970873786407767,103,"any_threat"
217,"Control",0.712121212121212,66,"any_threat"
218,"Control",0.932224037210333,36119,"any_threat"
221,"Control",0.975694444444444,288,"any_threat"
225,"Control",0.479708383961118,4115,"any_threat"
226,"Control",0.914285714285714,70,"any_threat"
230,"Control",0.983627471826494,4703,"any_threat"
231,"Control",0.976539589442815,2728,"any_threat"
232,"Control",0.802893865927807,12993,"any_threat"
233,"Control",0.946027633851468,6948,"any_threat"
234,"Control",0.615265087948288,48267,"any_threat"
236,"Control",0.995689655172414,1160,"any_threat"
237,"Control",0.209749238340755,17068,"any_threat"
240,"Control",0.910034602076125,1445,"any_threat"
241,"Control",0.810888595754887,16678,"any_threat"
245,"Control",0.639249639249639,693,"any_threat"
246,"Control",0.439182915506035,6462,"any_threat"
247,"Control",0.83613487669854,39740,"any_threat"
4,"Protected",0.702130483838853,30134,"any_threat"
7,"Protected",0.195125272331155,66096,"any_threat"
11,"Protected",0.605430793511951,52589,"any_threat"
14,"Protected",0.226611639005188,1038508,"any_threat"
15,"Protected",0.871182586094867,6156,"any_threat"
16,"Protected",0.901694915254237,590,"any_threat"
19,"Protected",0.994459833795014,361,"any_threat"
21,"Protected",0.904370860927152,3775,"any_threat"
24,"Protected",1,39,"any_threat"
27,"Protected",0.864617835730158,23851,"any_threat"
29,"Protected",0.985769728331177,773,"any_threat"
32,"Protected",0.224543093318878,1265521,"any_threat"
36,"Protected",0.94101365481609,32516,"any_threat"
41,"Protected",0.521094640820981,23679,"any_threat"
42,"Protected",0.259325957051562,404811,"any_threat"
45,"Protected",0.997684917235791,8639,"any_threat"
46,"Protected",0.207730916173496,26698,"any_threat"
47,"Protected",0.456066945606695,239,"any_threat"
50,"Protected",0.587692823608317,59640,"any_threat"
54,"Protected",0.978410206084396,1019,"any_threat"
55,"Protected",0.942040750060882,12319,"any_threat"
60,"Protected",0.477828365571738,110479,"any_threat"
62,"Protected",1,203,"any_threat"
65,"Protected",0.820680286326349,19139,"any_threat"
67,"Protected",0.991360691144708,926,"any_threat"
69,"Protected",1,1,"any_threat"
70,"Protected",0.62694125590817,2962,"any_threat"
71,"Protected",0.728355709230395,74038,"any_threat"
75,"Protected",0.46671203357151,8817,"any_threat"
76,"Protected",0.99763040612642,63724,"any_threat"
80,"Protected",0.412822730080296,40475,"any_threat"
81,"Protected",0.916666666666667,24,"any_threat"
91,"Protected",0.895127993393889,2422,"any_threat"
93,"Protected",0.999094414582846,34232,"any_threat"
95,"Protected",0.0868653586940243,13354,"any_threat"
98,"Protected",0.981378763866878,2524,"any_threat"
100,"Protected",0.30728476821192,755,"any_threat"
102,"Protected",0.46015562114301,3727,"any_threat"
103,"Protected",0.178164012053379,18584,"any_threat"
104,"Protected",0.956313677060821,6478,"any_threat"
105,"Protected",0.988330975954738,2828,"any_threat"
108,"Protected",0.940239339038939,26991,"any_threat"
110,"Protected",0.865911005053341,28496,"any_threat"
112,"Protected",0.197814836112708,3478,"any_threat"
113,"Protected",0.182436002113251,208210,"any_threat"
114,"Protected",0.793062090598764,10839,"any_threat"
118,"Protected",0.641228297486395,15436,"any_threat"
119,"Protected",0.829158316633267,1996,"any_threat"
120,"Protected",1,460,"any_threat"
122,"Protected",0.283996299722479,1081,"any_threat"
123,"Protected",0.0201342281879195,149,"any_threat"
125,"Protected",0.987375065754866,1901,"any_threat"
127,"Protected",0.880245588936576,50328,"any_threat"
128,"Protected",1,874,"any_threat"
129,"Protected",0.541458268208815,25592,"any_threat"
131,"Protected",0.869153244796082,53085,"any_threat"
138,"Protected",0.691932427528928,124015,"any_threat"
142,"Protected",0.0940844168134764,68683,"any_threat"
145,"Protected",0.578199052132701,4853,"any_threat"
146,"Protected",0.52809969836482,50392,"any_threat"
147,"Protected",0.482016373838653,32613,"any_threat"
148,"Protected",0.183554141430875,205231,"any_threat"
150,"Protected",0.947504172356243,6591,"any_threat"
155,"Protected",0.164710228466972,157003,"any_threat"
159,"Protected",1,9,"any_threat"
160,"Protected",0.949308755760369,217,"any_threat"
162,"Protected",0.280850357083541,6021,"any_threat"
164,"Protected",0.428814713896458,2936,"any_threat"
167,"Protected",0.722051597051597,3256,"any_threat"
169,"Protected",0.984496124031008,6708,"any_threat"
170,"Protected",0.175816572919045,144537,"any_threat"
171,"Protected",0.774398460057748,15585,"any_threat"
173,"Protected",0.992232609293374,29096,"any_threat"
174,"Protected",1,8471,"any_threat"
177,"Protected",0.420317065195608,94807,"any_threat"
179,"Protected",0.899925048718333,33355,"any_threat"
180,"Protected",0.296334913461698,361574,"any_threat"
181,"Protected",1,107,"any_threat"
192,"Protected",0.193657516915122,145432,"any_threat"
193,"Protected",1,1207,"any_threat"
194,"Protected",0.992779783393502,831,"any_threat"
203,"Protected",0.719120725750174,25794,"any_threat"
205,"Protected",0.979296527159395,8984,"any_threat"
206,"Protected",0.803153212089494,15286,"any_threat"
207,"Protected",0.970427677958136,55322,"any_threat"
209,"Protected",0.190789473684211,152,"any_threat"
212,"Protected",1,36,"any_threat"
213,"Protected",0.468447344275665,9809,"any_threat"
214,"Protected",0.74264705882353,408,"any_threat"
216,"Protected",0.912621359223301,103,"any_threat"
217,"Protected",0.818181818181818,66,"any_threat"
218,"Protected",0.815443395442842,36119,"any_threat"
221,"Protected",0.986111111111111,288,"any_threat"
225,"Protected",0.341433778857837,4115,"any_threat"
226,"Protected",1,70,"any_threat"
230,"Protected",0.919838401020625,4703,"any_threat"
231,"Protected",0.939516129032258,2728,"any_threat"
232,"Protected",0.64096051720157,12993,"any_threat"
233,"Protected",0.912492803684514,6948,"any_threat"
234,"Protected",0.560196407483374,48267,"any_threat"
236,"Protected",1,1160,"any_threat"
237,"Protected",0.128720412467776,17068,"any_threat"
240,"Protected",0.844290657439446,1445,"any_threat"
241,"Protected",0.617340208658112,16678,"any_threat"
245,"Protected",0.675324675324675,693,"any_threat"
246,"Protected",0.459919529557413,6462,"any_threat"
247,"Protected",0.800629089079014,39740,"any_threat"
4,"Control",0.0925497212267564,30134,"threat_composite"
7,"Control",0.00699770850287359,66096,"threat_composite"
11,"Control",0.0913470560895087,52589,"threat_composite"
14,"Control",0.0202373399415726,1038508,"threat_composite"
15,"Control",0.203273191777868,6156,"threat_composite"
16,"Control",0.117163707977458,590,"threat_composite"
19,"Control",0.251527805412636,361,"threat_composite"
21,"Control",0.120522386528779,3775,"threat_composite"
24,"Control",0.289853730636649,39,"threat_composite"
27,"Control",0.0609515130244015,23851,"threat_composite"
29,"Control",0.0891103128567679,773,"threat_composite"
32,"Control",0.0657642994046586,1265521,"threat_composite"
36,"Control",0.175856131961062,32516,"threat_composite"
41,"Control",0.0646554550829496,23679,"threat_composite"
42,"Control",0.0496410980514982,404811,"threat_composite"
45,"Control",0.153942670025123,8639,"threat_composite"
46,"Control",0.00944381932443278,26698,"threat_composite"
47,"Control",0.0418485059104024,239,"threat_composite"
50,"Control",0.118689179033127,59640,"threat_composite"
54,"Control",0.139683657008456,1019,"threat_composite"
55,"Control",0.15094931952407,12319,"threat_composite"
60,"Control",0.0349397375493471,110479,"threat_composite"
62,"Control",0.111681668474775,203,"threat_composite"
65,"Control",0.0836391579780308,19139,"threat_composite"
67,"Control",0.361069809383748,926,"threat_composite"
69,"Control",0.145983380430034,1,"threat_composite"
70,"Control",0.122020944579616,2962,"threat_composite"
71,"Control",0.116252667655838,74038,"threat_composite"
75,"Control",0.0709075968085673,8817,"threat_composite"
76,"Control",0.232327368784196,63724,"threat_composite"
80,"Control",0.0232966300739628,40475,"threat_composite"
81,"Control",0.0714377555876313,24,"threat_composite"
91,"Control",0.195813420908073,2422,"threat_composite"
93,"Control",0.142007990010195,34232,"threat_composite"
95,"Control",0.00644123867085377,13354,"threat_composite"
98,"Control",0.13779680615313,2524,"threat_composite"
100,"Control",0.0884284435407157,755,"threat_composite"
102,"Control",0.0632313585946013,3727,"threat_composite"
103,"Control",0.023828469471239,18584,"threat_composite"
104,"Control",0.297089237296814,6478,"threat_composite"
105,"Control",0.228454285885878,2828,"threat_composite"
108,"Control",0.186239674986083,26991,"threat_composite"
110,"Control",0.149555907689641,28496,"threat_composite"
112,"Control",0.0231438420959684,3478,"threat_composite"
113,"Control",0.030431808337542,208210,"threat_composite"
114,"Control",0.124611157704193,10839,"threat_composite"
118,"Control",0.118314227215988,15436,"threat_composite"
119,"Control",0.133857591289541,1996,"threat_composite"
120,"Control",0.265499759552368,460,"threat_composite"
122,"Control",0.0832202281213938,1081,"threat_composite"
123,"Control",0.00169756817125365,149,"threat_composite"
125,"Control",0.198921114160172,1901,"threat_composite"
127,"Control",0.0993647821713782,50328,"threat_composite"
128,"Control",0.131330782283421,874,"threat_composite"
129,"Control",0.1317803325133,25592,"threat_composite"
131,"Control",0.100261741959533,53085,"threat_composite"
138,"Control",0.0795021470942484,124015,"threat_composite"
142,"Control",0.00926231781882908,68683,"threat_composite"
145,"Control",0.0546448373155596,4853,"threat_composite"
146,"Control",0.0395068355170427,50392,"threat_composite"
147,"Control",0.0306766973128792,32613,"threat_composite"
148,"Control",0.0207218496125845,205231,"threat_composite"
150,"Control",0.143724292737431,6591,"threat_composite"
155,"Control",0.0257803448602792,157003,"threat_composite"
159,"Control",0.0840933558625089,9,"threat_composite"
160,"Control",0.0954079814945513,217,"threat_composite"
162,"Control",0.0437218416511802,6021,"threat_composite"
164,"Control",0.0458257025165595,2936,"threat_composite"
167,"Control",0.077423270892173,3256,"threat_composite"
169,"Control",0.186375852892163,6708,"threat_composite"
170,"Control",0.0191337872476598,144537,"threat_composite"
171,"Control",0.0512535263949653,15585,"threat_composite"
173,"Control",0.248774139445277,29096,"threat_composite"
174,"Control",0.20259308211961,8471,"threat_composite"
177,"Control",0.0253168002159043,94807,"threat_composite"
179,"Control",0.136174491123419,33355,"threat_composite"
180,"Control",0.0360779180086797,361574,"threat_composite"
181,"Control",0.446947263983348,107,"threat_composite"
192,"Control",0.0920644639415866,145432,"threat_composite"
193,"Control",0.0711963489130178,1207,"threat_composite"
194,"Control",0.140615042138701,831,"threat_composite"
203,"Control",0.0608399283550007,25794,"threat_composite"
205,"Control",0.221692017328846,8984,"threat_composite"
206,"Control",0.119665840624686,15286,"threat_composite"
207,"Control",0.144211559881844,55322,"threat_composite"
209,"Control",0.00188974310161666,152,"threat_composite"
212,"Control",0.13867513666872,36,"threat_composite"
213,"Control",0.0867673977770817,9809,"threat_composite"
214,"Control",0.157616219999522,408,"threat_composite"
216,"Control",0.242699108312548,103,"threat_composite"
217,"Control",0.091992559023332,66,"threat_composite"
218,"Control",0.104566794849941,36119,"threat_composite"
221,"Control",0.10124276309887,288,"threat_composite"
225,"Control",0.0496462046050193,4115,"threat_composite"
226,"Control",0.132574544563821,70,"threat_composite"
230,"Control",0.149341663991731,4703,"threat_composite"
231,"Control",0.259320280623671,2728,"threat_composite"
232,"Control",0.144841281846013,12993,"threat_composite"
233,"Control",0.149745166588215,6948,"threat_composite"
234,"Control",0.0586951343789159,48267,"threat_composite"
236,"Control",0.249382990528558,1160,"threat_composite"
237,"Control",0.0300436230576563,17068,"threat_composite"
240,"Control",0.110177460858128,1445,"threat_composite"
241,"Control",0.0917383464607306,16678,"threat_composite"
245,"Control",0.10239175979154,693,"threat_composite"
246,"Control",0.0331025386661657,6462,"threat_composite"
247,"Control",0.0786065829969242,39740,"threat_composite"
4,"Protected",0.0772642882247099,30134,"threat_composite"
7,"Protected",0.00782719669131625,66096,"threat_composite"
11,"Protected",0.0780008948366756,52589,"threat_composite"
14,"Protected",0.0160482021483474,1038508,"threat_composite"
15,"Protected",0.187756395937171,6156,"threat_composite"
16,"Protected",0.0806654714456205,590,"threat_composite"
19,"Protected",0.201823828165307,361,"threat_composite"
21,"Protected",0.060746615696733,3775,"threat_composite"
24,"Protected",0.120970982135589,39,"threat_composite"
27,"Protected",0.0576513838906325,23851,"threat_composite"
29,"Protected",0.0954362814382818,773,"threat_composite"
32,"Protected",0.0222805217702393,1265521,"threat_composite"
36,"Protected",0.153548809507319,32516,"threat_composite"
41,"Protected",0.0439010269445346,23679,"threat_composite"
42,"Protected",0.0456545160680537,404811,"threat_composite"
45,"Protected",0.124225616259846,8639,"threat_composite"
46,"Protected",0.00873256534866492,26698,"threat_composite"
47,"Protected",0.0203719124967524,239,"threat_composite"
50,"Protected",0.099525532448345,59640,"threat_composite"
54,"Protected",0.0988269322379943,1019,"threat_composite"
55,"Protected",0.138775244067863,12319,"threat_composite"
60,"Protected",0.0382466441205478,110479,"threat_composite"
62,"Protected",0.107573374336421,203,"threat_composite"
65,"Protected",0.0571727496228346,19139,"threat_composite"
67,"Protected",0.271320383226987,926,"threat_composite"
69,"Protected",0.109002459398013,1,"threat_composite"
70,"Protected",0.0495379945693424,2962,"threat_composite"
71,"Protected",0.122892261771635,74038,"threat_composite"
75,"Protected",0.0369002799310502,8817,"threat_composite"
76,"Protected",0.205586107143001,63724,"threat_composite"
80,"Protected",0.0228992888670393,40475,"threat_composite"
81,"Protected",0.0735778033408349,24,"threat_composite"
91,"Protected",0.160379338867525,2422,"threat_composite"
93,"Protected",0.137996956088778,34232,"threat_composite"
95,"Protected",0.0024557008026106,13354,"threat_composite"
98,"Protected",0.123939579685047,2524,"threat_composite"
100,"Protected",0.0449152850518623,755,"threat_composite"
102,"Protected",0.0139210538834518,3727,"threat_composite"
103,"Protected",0.0230957903564431,18584,"threat_composite"
104,"Protected",0.155707594293776,6478,"threat_composite"
105,"Protected",0.16645219321563,2828,"threat_composite"
108,"Protected",0.155159330770347,26991,"threat_composite"
110,"Protected",0.141052557861101,28496,"threat_composite"
112,"Protected",0.0240877444705464,3478,"threat_composite"
113,"Protected",0.0168516432912241,208210,"threat_composite"
114,"Protected",0.180596106003188,10839,"threat_composite"
118,"Protected",0.0666179500214723,15436,"threat_composite"
119,"Protected",0.0743994915313845,1996,"threat_composite"
120,"Protected",0.218560031088733,460,"threat_composite"
122,"Protected",0.0176088977006727,1081,"threat_composite"
123,"Protected",0.0017394483451843,149,"threat_composite"
125,"Protected",0.11500557550434,1901,"threat_composite"
127,"Protected",0.0887496188421974,50328,"threat_composite"
128,"Protected",0.136585618885257,874,"threat_composite"
129,"Protected",0.0492220431894489,25592,"threat_composite"
131,"Protected",0.124292009580164,53085,"threat_composite"
138,"Protected",0.0726319684955857,124015,"threat_composite"
142,"Protected",0.00642069171922214,68683,"threat_composite"
145,"Protected",0.0570087311102566,4853,"threat_composite"
146,"Protected",0.0311136614682743,50392,"threat_composite"
147,"Protected",0.0232932818054759,32613,"threat_composite"
148,"Protected",0.0131216295540662,205231,"threat_composite"
150,"Protected",0.131772381164619,6591,"threat_composite"
155,"Protected",0.0348729221664643,157003,"threat_composite"
159,"Protected",0.0115824831778877,9,"threat_composite"
160,"Protected",0.0620114033088187,217,"threat_composite"
162,"Protected",0.0198420881822486,6021,"threat_composite"
164,"Protected",0.0383875353199225,2936,"threat_composite"
167,"Protected",0.0691095740267978,3256,"threat_composite"
169,"Protected",0.139190054712202,6708,"threat_composite"
170,"Protected",0.00881776517991881,144537,"threat_composite"
171,"Protected",0.0409742380905931,15585,"threat_composite"
173,"Protected",0.17157923503979,29096,"threat_composite"
174,"Protected",0.199247686541722,8471,"threat_composite"
177,"Protected",0.0303431352404795,94807,"threat_composite"
179,"Protected",0.0944103926004196,33355,"threat_composite"
180,"Protected",0.0291379684899504,361574,"threat_composite"
181,"Protected",0.287250020502179,107,"threat_composite"
192,"Protected",0.0328232971544222,145432,"threat_composite"
193,"Protected",0.0626909399317018,1207,"threat_composite"
194,"Protected",0.116238329171861,831,"threat_composite"
203,"Protected",0.0562471174530192,25794,"threat_composite"
205,"Protected",0.197247110026033,8984,"threat_composite"
206,"Protected",0.0882912358493784,15286,"threat_composite"
207,"Protected",0.117718373501863,55322,"threat_composite"
209,"Protected",0.00510593357782202,152,"threat_composite"
212,"Protected",0.117475982187624,36,"threat_composite"
213,"Protected",0.0521782079339432,9809,"threat_composite"
214,"Protected",0.122440499251419,408,"threat_composite"
216,"Protected",0.165336794741004,103,"threat_composite"
217,"Protected",0.0500531660970938,66,"threat_composite"
218,"Protected",0.0490911290726354,36119,"threat_composite"
221,"Protected",0.0736326846842329,288,"threat_composite"
225,"Protected",0.0298929022051284,4115,"threat_composite"
226,"Protected",0.103123598499273,70,"threat_composite"
230,"Protected",0.136251032382574,4703,"threat_composite"
231,"Protected",0.186526135078977,2728,"threat_composite"
232,"Protected",0.100997147957299,12993,"threat_composite"
233,"Protected",0.128060519021275,6948,"threat_composite"
234,"Protected",0.0459014390694837,48267,"threat_composite"
236,"Protected",0.225525807135291,1160,"threat_composite"
237,"Protected",0.0169121733580391,17068,"threat_composite"
240,"Protected",0.0572135389774985,1445,"threat_composite"
241,"Protected",0.0583073412188039,16678,"threat_composite"
245,"Protected",0.130536976361333,693,"threat_composite"
246,"Protected",0.0354431464197197,6462,"threat_composite"
247,"Protected",0.0661687403301292,39740,"threat_composite"
